instant,date,season,year,month,holiday,weekday,workingday,weather,temp,atemp,hum,windspeed,casual,registered,count
1,2011-01-01,Spring,2011,Jan,Not Holiday,Sat,No,Misty,8.175849,0.363625,80.58330000000001,10.749882,331,654,985
2,2011-01-02,Spring,2011,Jan,Not Holiday,Sun,No,Misty,9.083466000000001,0.353739,69.6087,16.652113,131,670,801
3,2011-01-03,Spring,2011,Jan,Not Holiday,Mon,Yes,Clear,1.229108,0.189405,43.7273,16.636703,120,1229,1349
4,2011-01-04,Spring,2011,Jan,Not Holiday,Tue,Yes,Clear,1.4000000000000004,0.212122,59.0435,10.739832,108,1454,1562
5,2011-01-05,Spring,2011,Jan,Not Holiday,Wed,Yes,Clear,2.6669789999999995,0.22927,43.695699999999995,12.522300000000001,82,1518,1600
6,2011-01-06,Spring,2011,Jan,Not Holiday,Thu,Yes,Clear,1.6043559999999992,0.233209,51.8261,6.0008684,88,1518,1606
7,2011-01-07,Spring,2011,Jan,Not Holiday,Fri,Yes,Misty,1.2365340000000007,0.208839,49.8696,11.304642,148,1362,1510
8,2011-01-08,Spring,2011,Jan,Not Holiday,Sat,No,Misty,-0.24499999999999922,0.162254,53.5833,17.875868,68,891,959
9,2011-01-09,Spring,2011,Jan,Not Holiday,Sun,No,Clear,-1.4983489999999993,0.116175,43.416700000000006,24.25065,54,768,822
10,2011-01-10,Spring,2011,Jan,Not Holiday,Mon,Yes,Clear,-0.9108490000000007,0.150888,48.2917,14.958889,41,1280,1321
11,2011-01-11,Spring,2011,Jan,Not Holiday,Tue,Yes,Misty,-0.0527230000000003,0.191464,68.6364,8.182844000000001,43,1220,1263
12,2011-01-12,Spring,2011,Jan,Not Holiday,Wed,Yes,Clear,0.11816899999999997,0.160473,59.954499999999996,20.410009,25,1137,1162
13,2011-01-13,Spring,2011,Jan,Not Holiday,Thu,Yes,Clear,-0.24499999999999922,0.150883,47.0417,20.166999999999998,38,1368,1406
14,2011-01-14,Spring,2011,Jan,Not Holiday,Fri,Yes,Clear,-0.43910999999999945,0.188413,53.7826,8.478716,54,1367,1421
15,2011-01-15,Spring,2011,Jan,Not Holiday,Sat,No,Misty,2.9666510000000006,0.248112,49.875,10.583521,222,1026,1248
16,2011-01-16,Spring,2011,Jan,Not Holiday,Sun,No,Clear,2.888349,0.234217,48.375,12.625010999999999,251,953,1204
17,2011-01-17,Spring,2011,Jan,Holiday,Mon,No,Misty,0.264151,0.176771,53.75,12.999139,117,883,1000
18,2011-01-18,Spring,2011,Jan,Not Holiday,Tue,Yes,Misty,2.1833489999999998,0.232333,86.16669999999999,9.833924999999999,9,674,683
19,2011-01-19,Spring,2011,Jan,Not Holiday,Wed,Yes,Misty,5.732177999999999,0.298422,74.1739,13.957239,78,1572,1650
20,2011-01-20,Spring,2011,Jan,Not Holiday,Thu,Yes,Misty,4.298349,0.25505,53.833299999999994,13.125568,83,1844,1927
21,2011-01-21,Spring,2011,Jan,Not Holiday,Fri,Yes,Clear,0.34249999999999936,0.157833,45.7083,23.667214,75,1468,1543
22,2011-01-22,Spring,2011,Jan,Not Holiday,Sat,No,Clear,-5.2208711999999995,0.0790696,40.0,11.52199,93,888,981
23,2011-01-23,Spring,2011,Jan,Not Holiday,Sun,No,Clear,-3.4634801,0.0988391,43.6522,16.5222,150,836,986
24,2011-01-24,Spring,2011,Jan,Not Holiday,Mon,Yes,Clear,-3.4226089,0.11793,49.173899999999996,10.60811,86,1330,1416
25,2011-01-25,Spring,2011,Jan,Not Holiday,Tue,Yes,Misty,2.5034660000000013,0.234526,61.695699999999995,8.696332,186,1799,1985
26,2011-01-26,Spring,2011,Jan,Not Holiday,Wed,Yes,Light Rain,2.2225,0.2036,86.25,19.68795,34,472,506
27,2011-01-27,Spring,2011,Jan,Not Holiday,Thu,Yes,Clear,1.165000000000001,0.2197,68.75,7.627078999999999,15,416,431
28,2011-01-28,Spring,2011,Jan,Not Holiday,Fri,Yes,Misty,1.563466,0.223317,79.30430000000001,8.2611,38,1129,1167
29,2011-01-29,Spring,2011,Jan,Not Holiday,Sat,No,Clear,1.2365340000000007,0.212126,65.17389999999999,9.739455,123,975,1098
30,2011-01-30,Spring,2011,Jan,Not Holiday,Sun,No,Clear,2.176534,0.250322,72.2174,4.956834199999999,140,956,1096
31,2011-01-31,Spring,2011,Jan,Not Holiday,Mon,Yes,Misty,0.49915099999999946,0.18625,60.375,12.541864,42,1459,1501
32,2011-02-01,Spring,2011,Feb,Not Holiday,Tue,Yes,Misty,1.032178,0.23453,82.9565,3.565271,47,1313,1360
33,2011-02-02,Spring,2011,Feb,Not Holiday,Wed,Yes,Misty,4.220000000000001,0.254417,77.5417,17.708636,72,1454,1526
34,2011-02-03,Spring,2011,Feb,Not Holiday,Thu,Yes,Clear,0.7869790000000005,0.177878,43.7826,18.609384,61,1489,1550
35,2011-02-04,Spring,2011,Feb,Not Holiday,Fri,Yes,Misty,1.9312880000000003,0.228587,58.521699999999996,8.565213,88,1620,1708
36,2011-02-05,Spring,2011,Feb,Not Holiday,Sat,No,Misty,2.9666510000000006,0.243058,92.91669999999999,10.792293,100,905,1005
37,2011-02-06,Spring,2011,Feb,Not Holiday,Sun,No,Clear,5.434151,0.291671,56.833299999999994,9.5006,354,1269,1623
38,2011-02-07,Spring,2011,Feb,Not Holiday,Mon,Yes,Clear,4.768348999999999,0.303658,73.83330000000001,3.0423561,120,1592,1712
39,2011-02-08,Spring,2011,Feb,Not Holiday,Tue,Yes,Clear,2.3791510000000002,0.198246,53.7917,24.25065,64,1466,1530
40,2011-02-09,Spring,2011,Feb,Not Holiday,Wed,Yes,Misty,-1.6651990000000003,0.144283,49.4783,12.652213,53,1552,1605
41,2011-02-10,Spring,2011,Feb,Not Holiday,Thu,Yes,Clear,-1.2156440000000002,0.149548,43.7391,14.869645,47,1491,1538
42,2011-02-11,Spring,2011,Feb,Not Holiday,Fri,Yes,Clear,0.887277000000001,0.213509,50.6364,7.272849999999999,149,1597,1746
43,2011-02-12,Spring,2011,Feb,Not Holiday,Sat,No,Clear,2.4574999999999996,0.232954,54.4167,13.625589,288,1184,1472
44,2011-02-13,Spring,2011,Feb,Not Holiday,Sun,No,Clear,6.876534000000001,0.324113,45.7391,17.479160999999998,397,1192,1589
45,2011-02-14,Spring,2011,Feb,Not Holiday,Mon,Yes,Clear,11.504999999999999,0.39835,37.583299999999994,27.999836,208,1705,1913
46,2011-02-15,Spring,2011,Feb,Not Holiday,Tue,Yes,Clear,4.506089000000001,0.254274,31.434800000000003,19.522058,140,1675,1815
47,2011-02-16,Spring,2011,Feb,Not Holiday,Wed,Yes,Clear,6.958267000000001,0.3162,42.3478,16.869996999999998,218,1897,2115
48,2011-02-17,Spring,2011,Feb,Not Holiday,Thu,Yes,Clear,12.484151,0.428658,50.5,15.416968,259,2216,2475
49,2011-02-18,Spring,2011,Feb,Not Holiday,Fri,Yes,Clear,16.518349,0.511983,51.6667,17.749975000000003,579,2348,2927
50,2011-02-19,Spring,2011,Feb,Not Holiday,Sat,No,Clear,10.760849,0.391404,18.7917,34.000021,532,1103,1635
51,2011-02-20,Spring,2011,Feb,Not Holiday,Sun,No,Clear,5.405199,0.27733,40.7826,14.956745,639,1173,1812
52,2011-02-21,Spring,2011,Feb,Holiday,Mon,No,Misty,6.2566510000000015,0.284075,60.5,20.625682,195,912,1107
53,2011-02-22,Spring,2011,Feb,Not Holiday,Tue,Yes,Clear,0.5644340000000003,0.186033,57.7778,13.110761,74,1376,1450
54,2011-02-23,Spring,2011,Feb,Not Holiday,Wed,Yes,Clear,2.4217329999999997,0.245717,42.3043,6.3055710000000005,139,1778,1917
55,2011-02-24,Spring,2011,Feb,Not Holiday,Thu,Yes,Misty,5.895644000000001,0.289191,69.7391,16.783231999999998,100,1707,1807
56,2011-02-25,Spring,2011,Feb,Not Holiday,Fri,Yes,Misty,9.124355999999999,0.350461,71.2174,23.218113,120,1341,1461
57,2011-02-26,Spring,2011,Feb,Not Holiday,Sat,No,Clear,5.277499999999998,0.282192,53.7917,12.500257,424,1545,1969
58,2011-02-27,Spring,2011,Feb,Not Holiday,Sun,No,Clear,8.143466,0.351109,68.0,8.391615999999999,694,1708,2402
59,2011-02-28,Spring,2011,Feb,Not Holiday,Mon,Yes,Misty,11.141831,0.400118,87.63640000000001,19.408962,81,1365,1446
60,2011-03-01,Spring,2011,Mar,Not Holiday,Tue,Yes,Clear,4.533348999999999,0.263879,53.5,14.500475,137,1714,1851
61,2011-03-02,Spring,2011,Mar,Not Holiday,Wed,Yes,Clear,7.745000000000001,0.320071,44.9583,20.624811,231,1903,2134
62,2011-03-03,Spring,2011,Mar,Not Holiday,Thu,Yes,Clear,1.321651000000001,0.200133,31.833299999999998,15.125518000000001,123,1562,1685
63,2011-03-04,Spring,2011,Mar,Not Holiday,Fri,Yes,Misty,4.298349,0.255679,61.0417,13.624182,214,1730,1944
64,2011-03-05,Spring,2011,Mar,Not Holiday,Sat,No,Misty,10.055848999999998,0.378779,78.91669999999999,16.875357,640,1437,2077
65,2011-03-06,Spring,2011,Mar,Not Holiday,Sun,No,Misty,9.696534,0.366252,94.8261,23.000229,114,491,605
66,2011-03-07,Spring,2011,Mar,Not Holiday,Mon,Yes,Clear,4.3017330000000005,0.238461,55.1304,22.870584,244,1628,1872
67,2011-03-08,Spring,2011,Mar,Not Holiday,Tue,Yes,Clear,5.747499999999999,0.3024,42.0833,8.083549999999999,316,1817,2133
68,2011-03-09,Spring,2011,Mar,Not Holiday,Wed,Yes,Misty,5.904151000000001,0.286608,77.5417,14.750050000000002,191,1700,1891
69,2011-03-10,Spring,2011,Mar,Not Holiday,Thu,Yes,Light Rain,10.287277,0.385668,0.0,17.545759,46,577,623
70,2011-03-11,Spring,2011,Mar,Not Holiday,Fri,Yes,Misty,6.876534000000001,0.305,64.95649999999999,15.60899,247,1730,1977
71,2011-03-12,Spring,2011,Mar,Not Holiday,Sat,No,Clear,7.470848999999999,0.32575,59.458299999999994,14.791924999999999,724,1408,2132
72,2011-03-13,Spring,2011,Mar,Not Holiday,Sun,No,Clear,10.064356,0.380091,52.73910000000001,18.130468,982,1435,2417
73,2011-03-14,Spring,2011,Mar,Not Holiday,Mon,Yes,Clear,7.285198999999999,0.332,49.695699999999995,9.174042,359,1687,2046
74,2011-03-15,Spring,2011,Mar,Not Holiday,Tue,Yes,Misty,6.917376999999998,0.318178,65.5652,12.348703,289,1767,2056
75,2011-03-16,Spring,2011,Mar,Not Holiday,Wed,Yes,Misty,9.165199000000001,0.36693,77.65220000000001,13.608839,321,1871,2192
76,2011-03-17,Spring,2011,Mar,Not Holiday,Thu,Yes,Clear,11.504999999999999,0.410333,60.291700000000006,14.041792999999998,424,2320,2744
77,2011-03-18,Spring,2011,Mar,Not Holiday,Fri,Yes,Clear,17.380000000000003,0.527009,52.5217,15.478139,884,2355,3239
78,2011-03-19,Spring,2011,Mar,Not Holiday,Sat,No,Clear,14.2075,0.466525,37.9167,24.667189,1424,1693,3117
79,2011-03-20,Spring,2011,Mar,Not Holiday,Sun,No,Clear,7.627500000000001,0.32575,47.375,13.917307,1047,1424,2471
80,2011-03-21,Summer,2011,Mar,Not Holiday,Mon,Yes,Misty,12.230445,0.409735,73.73910000000001,19.348461,401,1676,2077
81,2011-03-22,Summer,2011,Mar,Not Holiday,Tue,Yes,Clear,12.758348999999999,0.440642,62.4583,15.125250000000001,460,2243,2703
82,2011-03-23,Summer,2011,Mar,Not Holiday,Wed,Yes,Misty,8.306979000000002,0.337939,83.9565,15.695487,203,1918,2121
83,2011-03-24,Summer,2011,Mar,Not Holiday,Thu,Yes,Misty,5.395,0.270833,80.58330000000001,16.333729,166,1699,1865
84,2011-03-25,Summer,2011,Mar,Not Holiday,Fri,Yes,Clear,4.415849,0.256312,49.5,15.458575000000002,300,1910,2210
85,2011-03-26,Summer,2011,Mar,Not Holiday,Sat,No,Clear,4.494150999999999,0.257571,39.4167,14.041257,981,1515,2496
86,2011-03-27,Summer,2011,Mar,Not Holiday,Sun,No,Misty,3.893021000000001,0.250339,49.3913,12.348099999999999,472,1221,1693
87,2011-03-28,Summer,2011,Mar,Not Holiday,Mon,Yes,Clear,4.424356000000001,0.257574,30.2174,14.217668,222,1806,2028
88,2011-03-29,Summer,2011,Mar,Not Holiday,Tue,Yes,Clear,6.217499999999999,0.292908,31.4167,15.208732,317,2108,2425
89,2011-03-30,Summer,2011,Mar,Not Holiday,Wed,Yes,Misty,6.1,0.29735,64.6667,11.583495999999998,168,1368,1536
90,2011-03-31,Summer,2011,Mar,Not Holiday,Thu,Yes,Light Rain,4.611651,0.257575,91.8333,14.582282000000001,179,1506,1685
91,2011-04-01,Summer,2011,April,Not Holiday,Fri,Yes,Misty,6.1,0.283454,68.625,17.333436,307,1920,2227
92,2011-04-02,Summer,2011,April,Not Holiday,Sat,No,Misty,6.805,0.315637,65.375,13.208782,898,1354,2252
93,2011-04-03,Summer,2011,April,Not Holiday,Sun,No,Clear,9.781651,0.378767,48.0,12.208271000000002,1651,1598,3249
94,2011-04-04,Summer,2011,April,Not Holiday,Mon,Yes,Clear,18.946651,0.542929,42.625,25.833257,734,2381,3115
95,2011-04-05,Summer,2011,April,Not Holiday,Tue,Yes,Misty,11.465848999999999,0.39835,64.2083,26.000488999999998,167,1628,1795
96,2011-04-06,Summer,2011,April,Not Holiday,Wed,Yes,Clear,10.369150999999999,0.387608,47.0833,17.625221,413,2395,2808
97,2011-04-07,Summer,2011,April,Not Holiday,Thu,Yes,Clear,12.5625,0.433696,60.291700000000006,10.874904,571,2570,3141
98,2011-04-08,Summer,2011,April,Not Holiday,Fri,Yes,Misty,7.784151,0.324479,83.625,15.208464,172,1299,1471
99,2011-04-09,Summer,2011,April,Not Holiday,Sat,No,Misty,8.0975,0.341529,87.75,8.916561,879,1576,2455
100,2011-04-10,Summer,2011,April,Not Holiday,Sun,No,Misty,12.053349,0.426737,85.75,9.833389,1188,1707,2895
101,2011-04-11,Summer,2011,April,Not Holiday,Mon,Yes,Misty,19.995644,0.565217,71.6956,21.739758,855,2493,3348
102,2011-04-12,Summer,2011,April,Not Holiday,Tue,Yes,Misty,15.617499999999996,0.493054,73.9167,18.416892999999998,257,1777,2034
103,2011-04-13,Summer,2011,April,Not Holiday,Wed,Yes,Misty,11.3875,0.417283,81.91669999999999,16.791338999999997,209,1953,2162
104,2011-04-14,Summer,2011,April,Not Holiday,Thu,Yes,Clear,13.9725,0.462742,54.041700000000006,7.4169,529,2738,3267
105,2011-04-15,Summer,2011,April,Holiday,Fri,No,Clear,12.993348999999998,0.441913,67.125,15.167124999999999,642,2484,3126
106,2011-04-16,Summer,2011,April,Not Holiday,Sat,No,Light Rain,12.249151000000001,0.425492,88.83330000000001,22.834136,121,674,795
107,2011-04-17,Summer,2011,April,Not Holiday,Sun,No,Clear,13.463349000000001,0.445696,47.9583,20.334232,1558,2186,3744
108,2011-04-18,Summer,2011,April,Not Holiday,Mon,Yes,Clear,16.0875,0.503146,54.25,10.958988999999999,669,2760,3429
109,2011-04-19,Summer,2011,April,Not Holiday,Tue,Yes,Misty,15.774151,0.489258,66.5833,10.584057,409,2795,3204
110,2011-04-20,Summer,2011,April,Not Holiday,Wed,Yes,Clear,19.965,0.564392,61.4167,16.208975,613,3331,3944
111,2011-04-21,Summer,2011,April,Not Holiday,Thu,Yes,Clear,13.580849,0.453892,40.708299999999994,21.792286,745,3444,4189
112,2011-04-22,Summer,2011,April,Not Holiday,Fri,Yes,Misty,7.823349,0.321954,72.9583,14.707906999999999,177,1506,1683
113,2011-04-23,Summer,2011,April,Not Holiday,Sat,No,Misty,13.620000000000001,0.450121,88.79169999999999,15.458575000000002,1462,2574,4036
114,2011-04-24,Summer,2011,April,Not Holiday,Sun,No,Misty,19.338349,0.551763,81.08330000000001,12.875725000000001,1710,2481,4191
115,2011-04-25,Summer,2011,April,Not Holiday,Mon,Yes,Clear,20.513348999999998,0.5745,77.6667,12.417311,773,3300,4073
116,2011-04-26,Summer,2011,April,Not Holiday,Tue,Yes,Clear,21.688349,0.594083,72.9167,21.875500000000002,678,3722,4400
117,2011-04-27,Summer,2011,April,Not Holiday,Wed,Yes,Misty,21.14,0.575142,83.54169999999999,20.917399999999997,547,3325,3872
118,2011-04-28,Summer,2011,April,Not Holiday,Thu,Yes,Misty,21.0225,0.578929,70.08330000000001,21.500836000000003,569,3489,4058
119,2011-04-29,Summer,2011,April,Not Holiday,Fri,Yes,Clear,15.969999999999999,0.497463,45.7083,16.084221,878,3717,4595
120,2011-04-30,Summer,2011,April,Not Holiday,Sat,No,Clear,14.2075,0.464021,50.3333,15.750025,1965,3347,5312
121,2011-05-01,Summer,2011,May,Not Holiday,Sun,No,Misty,13.228348999999998,0.448204,76.2083,7.125718,1138,2213,3351
122,2011-05-02,Summer,2011,May,Not Holiday,Mon,Yes,Misty,17.810848999999997,0.532833,73.0,12.291418,847,3554,4401
123,2011-05-03,Summer,2011,May,Not Holiday,Tue,Yes,Misty,20.983348999999997,0.582079,69.7083,22.958689,603,3848,4451
124,2011-05-04,Summer,2011,May,Not Holiday,Wed,Yes,Misty,11.465848999999999,0.40465,73.70830000000001,22.042732,255,2378,2633
125,2011-05-05,Summer,2011,May,Not Holiday,Thu,Yes,Clear,13.580849,0.441917,44.4167,19.791263999999998,614,3819,4433
126,2011-05-06,Summer,2011,May,Not Holiday,Fri,Yes,Clear,14.520849000000002,0.474117,59.0,15.292482,894,3714,4608
127,2011-05-07,Summer,2011,May,Not Holiday,Sat,No,Clear,16.44,0.512621,54.125,10.750150000000001,1612,3102,4714
128,2011-05-08,Summer,2011,May,Not Holiday,Sun,No,Clear,16.831651,0.518933,63.1667,5.0007125,1401,2932,4333
129,2011-05-09,Summer,2011,May,Not Holiday,Mon,Yes,Clear,17.0275,0.525246,58.875,11.792,664,3698,4362
130,2011-05-10,Summer,2011,May,Not Holiday,Tue,Yes,Clear,17.0275,0.522721,48.9167,7.749956999999999,694,4109,4803
131,2011-05-11,Summer,2011,May,Not Holiday,Wed,Yes,Clear,17.4975,0.5284,63.29169999999999,8.083014,550,3632,4182
132,2011-05-12,Summer,2011,May,Not Holiday,Thu,Yes,Clear,17.145000000000003,0.523363,74.75,12.707689,695,4169,4864
133,2011-05-13,Summer,2011,May,Not Holiday,Fri,Yes,Misty,16.0875,0.4943,86.33330000000001,12.041575,692,3413,4105
134,2011-05-14,Summer,2011,May,Not Holiday,Sat,No,Misty,16.479150999999998,0.500629,92.25,9.041649999999999,902,2507,3409
135,2011-05-15,Summer,2011,May,Not Holiday,Sun,No,Misty,18.4375,0.536,86.70830000000001,10.249593,1582,2971,4553
136,2011-05-16,Summer,2011,May,Not Holiday,Mon,Yes,Clear,19.142500000000002,0.550512,78.79169999999999,8.500357000000001,773,3185,3958
137,2011-05-17,Summer,2011,May,Not Holiday,Tue,Yes,Misty,18.398349,0.538529,83.7917,18.582718,678,3445,4123
138,2011-05-18,Summer,2011,May,Not Holiday,Wed,Yes,Misty,17.85,0.527158,87.0,13.499964,536,3319,3855
139,2011-05-19,Summer,2011,May,Not Holiday,Thu,Yes,Misty,16.949151,0.510742,82.9583,7.250271000000001,735,3840,4575
140,2011-05-20,Summer,2011,May,Not Holiday,Fri,Yes,Clear,17.223349,0.529042,71.9583,8.375871,909,4008,4917
141,2011-05-21,Summer,2011,May,Not Holiday,Sat,No,Clear,20.317500000000003,0.571975,62.6667,8.083549999999999,2258,3547,5805
142,2011-05-22,Summer,2011,May,Not Holiday,Sun,No,Clear,20.395849000000002,0.5745,74.9583,9.916536,1576,3084,4660
143,2011-05-23,Summer,2011,May,Not Holiday,Mon,Yes,Misty,21.688349,0.590296,81.0,15.667413999999999,836,3438,4274
144,2011-05-24,Summer,2011,May,Not Holiday,Tue,Yes,Misty,23.020000000000003,0.604813,74.0833,13.875164,659,3833,4492
145,2011-05-25,Summer,2011,May,Not Holiday,Wed,Yes,Clear,23.059151,0.615542,69.625,10.333611000000001,740,4238,4978
146,2011-05-26,Summer,2011,May,Not Holiday,Thu,Yes,Clear,25.291651,0.654688,67.75,13.376014,758,3919,4677
147,2011-05-27,Summer,2011,May,Not Holiday,Fri,Yes,Clear,24.038349000000004,0.637008,65.375,16.125493,871,3808,4679
148,2011-05-28,Summer,2011,May,Not Holiday,Sat,No,Clear,22.824151,0.612379,72.9583,15.416164,2001,2757,4758
149,2011-05-29,Summer,2011,May,Not Holiday,Sun,No,Clear,23.3725,0.61555,81.875,14.333846,2355,2433,4788
150,2011-05-30,Summer,2011,May,Holiday,Mon,No,Clear,26.466651,0.671092,68.5,8.792075,1549,2549,4098
151,2011-05-31,Summer,2011,May,Not Holiday,Tue,Yes,Clear,28.425000000000004,0.725383,63.6667,7.459042999999999,673,3309,3982
152,2011-06-01,Summer,2011,June,Not Holiday,Wed,Yes,Misty,27.915849,0.720967,67.7083,13.875164,513,3461,3974
153,2011-06-02,Summer,2011,June,Not Holiday,Thu,Yes,Clear,25.604999999999997,0.643942,30.5,19.583229000000003,736,4232,4968
154,2011-06-03,Summer,2011,June,Not Holiday,Fri,Yes,Clear,21.14,0.587133,35.4167,16.959107,898,4414,5312
155,2011-06-04,Summer,2011,June,Not Holiday,Sat,No,Clear,21.845,0.594696,45.625,8.250514,1869,3473,5342
156,2011-06-05,Summer,2011,June,Not Holiday,Sun,No,Misty,22.471651,0.616804,65.25,9.292364000000001,1685,3221,4906
157,2011-06-06,Summer,2011,June,Not Holiday,Mon,Yes,Clear,23.881650999999998,0.621858,60.0,8.167032,673,3875,4548
158,2011-06-07,Summer,2011,June,Not Holiday,Tue,Yes,Clear,25.252499999999998,0.65595,59.791700000000006,12.583136,763,4070,4833
159,2011-06-08,Summer,2011,June,Not Holiday,Wed,Yes,Clear,28.464151,0.727279,62.20830000000001,9.166739,676,3725,4401
160,2011-06-09,Summer,2011,June,Not Holiday,Thu,Yes,Misty,29.991650999999997,0.757579,56.833299999999994,10.042161,563,3352,3915
161,2011-06-10,Summer,2011,June,Not Holiday,Fri,Yes,Clear,27.485,0.703292,60.5,9.417118,815,3771,4586
162,2011-06-11,Summer,2011,June,Not Holiday,Sat,No,Clear,26.074999999999996,0.678038,65.45830000000001,10.374949999999998,1729,3237,4966
163,2011-06-12,Summer,2011,June,Not Holiday,Sun,No,Clear,24.5475,0.643325,74.7917,10.958988999999999,1467,2993,4460
164,2011-06-13,Summer,2011,June,Not Holiday,Mon,Yes,Clear,21.845,0.601654,49.4583,20.45845,863,4157,5020
165,2011-06-14,Summer,2011,June,Not Holiday,Tue,Yes,Clear,20.395849000000002,0.591546,50.708299999999994,18.041961,727,4164,4891
166,2011-06-15,Summer,2011,June,Not Holiday,Wed,Yes,Clear,21.453349,0.587754,47.1667,11.250104,769,4411,5180
167,2011-06-16,Summer,2011,June,Not Holiday,Thu,Yes,Misty,21.531651,0.595346,68.8333,13.833556999999999,545,3222,3767
168,2011-06-17,Summer,2011,June,Not Holiday,Fri,Yes,Clear,22.510849000000004,0.600383,73.5833,9.582942999999998,863,3981,4844
169,2011-06-18,Summer,2011,June,Not Holiday,Sat,No,Clear,24.743349000000002,0.643954,67.0417,8.000336,1807,3312,5119
170,2011-06-19,Summer,2011,June,Not Holiday,Sun,No,Misty,24.860849,0.645846,66.6667,6.834,1639,3105,4744
171,2011-06-20,Summer,2011,June,Not Holiday,Mon,Yes,Misty,21.845,0.595346,74.625,10.416825,699,3311,4010
172,2011-06-21,Fall,2011,June,Not Holiday,Tue,Yes,Misty,23.999151,0.637646,77.0417,11.458675000000001,774,4061,4835
173,2011-06-22,Fall,2011,June,Not Holiday,Wed,Yes,Clear,26.466651,0.693829,70.75,11.541554,661,3846,4507
174,2011-06-23,Fall,2011,June,Not Holiday,Thu,Yes,Misty,26.231651,0.693833,70.3333,15.999868,746,4044,4790
175,2011-06-24,Fall,2011,June,Not Holiday,Fri,Yes,Clear,26.035849,0.656583,57.3333,14.875675,969,4022,4991
176,2011-06-25,Fall,2011,June,Not Holiday,Sat,No,Clear,24.665,0.643313,48.3333,14.041257,1782,3420,5202
177,2011-06-26,Fall,2011,June,Not Holiday,Sun,No,Clear,23.96,0.637629,51.3333,6.3337311,1920,3385,5305
178,2011-06-27,Fall,2011,June,Not Holiday,Mon,Yes,Misty,24.0775,0.637004,65.8333,7.2083960000000005,854,3854,4708
179,2011-06-28,Fall,2011,June,Not Holiday,Tue,Yes,Clear,26.975849000000004,0.692558,63.416700000000006,9.666960999999999,732,3916,4648
180,2011-06-29,Fall,2011,June,Not Holiday,Wed,Yes,Clear,26.231651,0.654688,49.7917,17.542007,848,4377,5225
181,2011-06-30,Fall,2011,June,Not Holiday,Thu,Yes,Clear,24.743349000000002,0.637008,43.416700000000006,12.415904000000001,1027,4488,5515
182,2011-07-01,Fall,2011,July,Not Holiday,Fri,Yes,Clear,25.957500000000003,0.652162,39.625,6.874736,1246,4116,5362
183,2011-07-02,Fall,2011,July,Not Holiday,Sat,No,Clear,26.701651,0.667308,44.4583,7.709154,2204,2915,5119
184,2011-07-03,Fall,2011,July,Not Holiday,Sun,No,Misty,25.683349,0.668575,68.25,15.333486,2282,2367,4649
185,2011-07-04,Fall,2011,July,Holiday,Mon,No,Misty,26.153349,0.665417,63.7917,5.4591064000000005,3065,2978,6043
186,2011-07-05,Fall,2011,July,Not Holiday,Tue,Yes,Clear,27.093348999999996,0.696338,59.0417,8.459286,1031,3634,4665
187,2011-07-06,Fall,2011,July,Not Holiday,Wed,Yes,Clear,25.839999999999996,0.685633,74.33330000000001,10.042161,784,3845,4629
188,2011-07-07,Fall,2011,July,Not Holiday,Thu,Yes,Clear,27.25,0.686871,65.125,10.666400000000001,754,3838,4592
189,2011-07-08,Fall,2011,July,Not Holiday,Fri,Yes,Misty,25.330849,0.670483,75.79169999999999,15.083643,692,3348,4040
190,2011-07-09,Fall,2011,July,Not Holiday,Sat,No,Clear,26.466651,0.664158,60.9167,11.250104,1988,3348,5336
191,2011-07-10,Fall,2011,July,Not Holiday,Sun,No,Clear,27.1325,0.690025,57.8333,12.292557,1743,3138,4881
192,2011-07-11,Fall,2011,July,Not Holiday,Mon,Yes,Clear,27.8375,0.729804,63.5833,18.916579,723,3363,4086
193,2011-07-12,Fall,2011,July,Not Holiday,Tue,Yes,Clear,29.325848999999998,0.739275,55.9167,13.417017999999999,662,3596,4258
194,2011-07-13,Fall,2011,July,Not Holiday,Wed,Yes,Clear,27.093348999999996,0.689404,63.1667,9.790911000000001,748,3594,4342
195,2011-07-14,Fall,2011,July,Not Holiday,Thu,Yes,Clear,23.999151,0.635104,47.625,16.124689,888,4196,5084
196,2011-07-15,Fall,2011,July,Not Holiday,Fri,Yes,Clear,23.176650999999996,0.624371,59.12500000000001,12.249811,1318,4220,5538
197,2011-07-16,Fall,2011,July,Not Holiday,Sat,No,Clear,24.273349000000003,0.638263,58.5,13.958914,2418,3505,5923
198,2011-07-17,Fall,2011,July,Not Holiday,Sun,No,Clear,25.800849,0.669833,60.4167,16.417211,2006,3296,5302
199,2011-07-18,Fall,2011,July,Not Holiday,Mon,Yes,Clear,27.093348999999996,0.703925,65.125,14.458867999999999,841,3617,4458
200,2011-07-19,Fall,2011,July,Not Holiday,Tue,Yes,Clear,28.503349,0.747479,65.0417,8.7502,752,3789,4541
201,2011-07-20,Fall,2011,July,Not Holiday,Wed,Yes,Clear,28.111651000000002,0.74685,70.70830000000001,7.625739,644,3688,4332
202,2011-07-21,Fall,2011,July,Not Holiday,Thu,Yes,Misty,30.305,0.826371,69.125,14.875407,632,3152,3784
203,2011-07-22,Fall,2011,July,Not Holiday,Fri,Yes,Clear,31.871651,0.840896,58.0417,8.9177,562,2825,3387
204,2011-07-23,Fall,2011,July,Not Holiday,Sat,No,Clear,31.910849,0.804287,50.0,8.791807,987,2298,3285
205,2011-07-24,Fall,2011,July,Not Holiday,Sun,No,Clear,31.009999999999998,0.794829,55.0833,11.334456999999999,1050,2556,3606
206,2011-07-25,Fall,2011,July,Not Holiday,Mon,Yes,Clear,26.936650999999998,0.720958,75.7083,6.0841560999999995,568,3272,3840
207,2011-07-26,Fall,2011,July,Not Holiday,Tue,Yes,Clear,28.268349,0.696979,54.0833,13.417285999999999,750,3840,4590
208,2011-07-27,Fall,2011,July,Not Holiday,Wed,Yes,Clear,28.425000000000004,0.690667,40.291700000000006,12.292020999999998,755,3901,4656
209,2011-07-28,Fall,2011,July,Not Holiday,Thu,Yes,Clear,28.620849,0.7399,58.3333,11.958093,606,3784,4390
210,2011-07-29,Fall,2011,July,Not Holiday,Fri,Yes,Clear,31.401651,0.785967,54.25,11.667245999999999,670,3176,3846
211,2011-07-30,Fall,2011,July,Not Holiday,Sat,No,Clear,29.795848999999997,0.728537,46.5833,11.291979,1559,2916,4475
212,2011-07-31,Fall,2011,July,Not Holiday,Sun,No,Clear,29.874150999999998,0.729796,48.0833,11.042470999999999,1524,2778,4302
213,2011-08-01,Fall,2011,Aug,Not Holiday,Mon,Yes,Clear,28.268349,0.703292,55.0833,10.500039,729,3537,4266
214,2011-08-02,Fall,2011,Aug,Not Holiday,Tue,Yes,Clear,28.816651,0.707071,49.125,13.79195,801,4044,4845
215,2011-08-03,Fall,2011,Aug,Not Holiday,Wed,Yes,Misty,26.388348999999998,0.679937,65.75,9.084061,467,3107,3574
216,2011-08-04,Fall,2011,Aug,Not Holiday,Thu,Yes,Misty,25.369999999999997,0.664788,75.75,13.20905,799,3777,4576
217,2011-08-05,Fall,2011,Aug,Not Holiday,Fri,Yes,Clear,25.409151,0.656567,63.083299999999994,12.374632,1023,3843,4866
218,2011-08-06,Fall,2011,Aug,Not Holiday,Sat,No,Misty,25.683349,0.676154,75.5,15.29275,1521,2773,4294
219,2011-08-07,Fall,2011,Aug,Not Holiday,Sun,No,Clear,26.8975,0.715292,75.29169999999999,13.499629,1298,2487,3785
220,2011-08-08,Fall,2011,Aug,Not Holiday,Mon,Yes,Clear,27.955,0.703283,59.2083,12.875725000000001,846,3480,4326
221,2011-08-09,Fall,2011,Aug,Not Holiday,Tue,Yes,Clear,28.425000000000004,0.724121,57.04169999999999,10.125107,907,3695,4602
222,2011-08-10,Fall,2011,Aug,Not Holiday,Wed,Yes,Clear,28.033349,0.684983,42.4167,13.417285999999999,884,3896,4780
223,2011-08-11,Fall,2011,Aug,Not Holiday,Thu,Yes,Clear,25.722500000000004,0.651521,42.375,11.041332,812,3980,4792
224,2011-08-12,Fall,2011,Aug,Not Holiday,Fri,Yes,Clear,25.291651,0.654042,41.5,8.416607,1051,3854,4905
225,2011-08-13,Fall,2011,Aug,Not Holiday,Sat,No,Misty,24.234151000000004,0.645858,72.9583,14.167418,1504,2646,4150
226,2011-08-14,Fall,2011,Aug,Not Holiday,Sun,No,Misty,23.803349,0.624388,81.75,14.916411,1338,2482,3820
227,2011-08-15,Fall,2011,Aug,Not Holiday,Mon,Yes,Clear,23.294151,0.616167,71.20830000000001,13.999918,775,3563,4338
228,2011-08-16,Fall,2011,Aug,Not Holiday,Tue,Yes,Clear,24.939151000000003,0.645837,57.8333,15.834043000000001,721,4004,4725
229,2011-08-17,Fall,2011,Aug,Not Holiday,Wed,Yes,Clear,25.996651,0.666671,57.5417,9.625689,668,4026,4694
230,2011-08-18,Fall,2011,Aug,Not Holiday,Thu,Yes,Clear,25.448349,0.662258,65.45830000000001,15.624936,639,3166,3805
231,2011-08-19,Fall,2011,Aug,Not Holiday,Fri,Yes,Misty,24.195,0.633221,72.2917,9.333635999999998,797,3356,4153
232,2011-08-20,Fall,2011,Aug,Not Holiday,Sat,No,Clear,24.7825,0.648996,67.41669999999999,6.999289,1914,3277,5191
233,2011-08-21,Fall,2011,Aug,Not Holiday,Sun,No,Clear,25.409151,0.675525,77.0,16.666518,1249,2624,3873
234,2011-08-22,Fall,2011,Aug,Not Holiday,Mon,Yes,Clear,24.508349000000003,0.638254,47.0,18.54225,833,3925,4758
235,2011-08-23,Fall,2011,Aug,Not Holiday,Tue,Yes,Clear,22.119151,0.606067,45.5417,9.833121,1281,4614,5895
236,2011-08-24,Fall,2011,Aug,Not Holiday,Wed,Yes,Clear,23.646651,0.630692,60.5,16.958236,949,4181,5130
237,2011-08-25,Fall,2011,Aug,Not Holiday,Thu,Yes,Misty,24.155848999999996,0.645854,77.1667,14.125810999999999,435,3107,3542
238,2011-08-26,Fall,2011,Aug,Not Holiday,Fri,Yes,Clear,24.9,0.659733,76.125,5.625487499999999,768,3893,4661
239,2011-08-27,Fall,2011,Aug,Not Holiday,Sat,No,Misty,23.96,0.635556,85.0,25.166338999999997,226,889,1115
240,2011-08-28,Fall,2011,Aug,Not Holiday,Sun,No,Clear,25.231772999999997,0.647959,56.1765,20.412153,1415,2919,4334
241,2011-08-29,Fall,2011,Aug,Not Holiday,Mon,Yes,Clear,21.923348999999998,0.607958,55.45830000000001,10.708275,729,3905,4634
242,2011-08-30,Fall,2011,Aug,Not Holiday,Tue,Yes,Clear,22.040849,0.594704,54.833299999999994,8.375536,775,4429,5204
243,2011-08-31,Fall,2011,Aug,Not Holiday,Wed,Yes,Clear,22.863349,0.611121,59.791700000000006,5.5833311,688,4370,5058
244,2011-09-01,Fall,2011,Sep,Not Holiday,Thu,Yes,Clear,22.785,0.614921,63.916700000000006,9.500332,783,4332,5115
245,2011-09-02,Fall,2011,Sep,Not Holiday,Fri,Yes,Misty,22.236651000000002,0.604808,72.70830000000001,9.375243,875,3852,4727
246,2011-09-03,Fall,2011,Sep,Not Holiday,Sat,No,Clear,23.450848999999998,0.633213,71.6667,12.416775,1935,2549,4484
247,2011-09-04,Fall,2011,Sep,Not Holiday,Sun,No,Clear,25.330849,0.665429,74.20830000000001,13.833289,2521,2419,4940
248,2011-09-05,Fall,2011,Sep,Holiday,Mon,No,Misty,23.646651,0.625646,79.0417,14.250632,1236,2115,3351
249,2011-09-06,Fall,2011,Sep,Not Holiday,Tue,Yes,Light Rain,17.380000000000003,0.5152,88.6957,23.044181,204,2506,2710
250,2011-09-07,Fall,2011,Sep,Not Holiday,Wed,Yes,Light Rain,20.160849,0.544229,91.7083,6.500393600000001,118,1878,1996
251,2011-09-08,Fall,2011,Sep,Not Holiday,Thu,Yes,Light Rain,21.793910999999998,0.555361,93.9565,12.914116,153,1689,1842
252,2011-09-09,Fall,2011,Sep,Not Holiday,Fri,Yes,Misty,22.55,0.578946,89.79169999999999,8.333393000000001,417,3127,3544
253,2011-09-10,Fall,2011,Sep,Not Holiday,Sat,No,Clear,23.020000000000003,0.607962,75.375,10.291736,1750,3595,5345
254,2011-09-11,Fall,2011,Sep,Not Holiday,Sun,No,Clear,22.706651,0.609229,71.375,7.708618,1633,3413,5046
255,2011-09-12,Fall,2011,Sep,Not Holiday,Mon,Yes,Clear,22.284356000000002,0.60213,69.2174,5.957171000000001,690,4023,4713
256,2011-09-13,Fall,2011,Sep,Not Holiday,Tue,Yes,Clear,22.589151,0.603554,71.25,9.500868,701,4062,4763
257,2011-09-14,Fall,2011,Sep,Not Holiday,Wed,Yes,Clear,23.646651,0.6269,69.7083,11.2091,647,4138,4785
258,2011-09-15,Fall,2011,Sep,Not Holiday,Thu,Yes,Misty,19.142500000000002,0.553671,70.9167,18.166782,428,3231,3659
259,2011-09-16,Fall,2011,Sep,Not Holiday,Fri,Yes,Misty,14.050849,0.461475,59.0417,11.000261,742,4018,4760
260,2011-09-17,Fall,2011,Sep,Not Holiday,Sat,No,Misty,15.108349,0.478512,71.8333,12.708225,1434,3077,4511
261,2011-09-18,Fall,2011,Sep,Not Holiday,Sun,No,Clear,15.8525,0.490537,69.5,11.958361,1353,2921,4274
262,2011-09-19,Fall,2011,Sep,Not Holiday,Mon,Yes,Misty,17.810848999999997,0.529675,69.0,10.166713999999999,691,3848,4539
263,2011-09-20,Fall,2011,Sep,Not Holiday,Tue,Yes,Misty,18.398349,0.532217,88.125,9.041917999999999,438,3203,3641
264,2011-09-21,Fall,2011,Sep,Not Holiday,Wed,Yes,Misty,19.965,0.550533,90.0,6.4590814,539,3813,4352
265,2011-09-22,Fall,2011,Sep,Not Holiday,Thu,Yes,Misty,21.531651,0.554963,90.2083,8.584375,555,4240,4795
266,2011-09-23,Winter,2011,Sep,Not Holiday,Fri,Yes,Misty,20.630849,0.522125,97.25,5.2505689,258,2137,2395
267,2011-09-24,Winter,2011,Sep,Not Holiday,Sat,No,Misty,20.513348999999998,0.564412,86.25,5.2516811,1776,3647,5423
268,2011-09-25,Winter,2011,Sep,Not Holiday,Sun,No,Misty,21.805849000000002,0.572637,84.5,3.3754064,1544,3466,5010
269,2011-09-26,Winter,2011,Sep,Not Holiday,Mon,Yes,Misty,22.510849000000004,0.589042,84.8333,7.4169,684,3946,4630
270,2011-09-27,Winter,2011,Sep,Not Holiday,Tue,Yes,Misty,21.923348999999998,0.574525,88.5417,7.917457,477,3643,4120
271,2011-09-28,Winter,2011,Sep,Not Holiday,Wed,Yes,Misty,21.845,0.575158,84.875,9.958143000000002,480,3427,3907
272,2011-09-29,Winter,2011,Sep,Not Holiday,Thu,Yes,Clear,20.983348999999997,0.574512,69.91669999999999,11.583161,653,4186,4839
273,2011-09-30,Winter,2011,Sep,Not Holiday,Fri,Yes,Clear,18.515849,0.544829,64.75,13.833825,830,4372,5202
274,2011-10-01,Winter,2011,Oct,Not Holiday,Sat,No,Misty,11.27,0.412863,75.375,19.583832,480,1949,2429
275,2011-10-02,Winter,2011,Oct,Not Holiday,Sun,No,Misty,8.763349000000002,0.345317,79.1667,14.874870999999999,616,2302,2918
276,2011-10-03,Winter,2011,Oct,Not Holiday,Mon,Yes,Misty,10.055848999999998,0.392046,76.0833,5.5841686,330,3240,3570
277,2011-10-04,Winter,2011,Oct,Not Holiday,Tue,Yes,Clear,14.755849000000001,0.472858,71.0,13.792218,486,3970,4456
278,2011-10-05,Winter,2011,Oct,Not Holiday,Wed,Yes,Clear,17.301650999999996,0.527138,64.79169999999999,11.87575,559,4267,4826
279,2011-10-06,Winter,2011,Oct,Not Holiday,Thu,Yes,Clear,15.225849,0.480425,62.083299999999994,9.041917999999999,639,4126,4765
280,2011-10-07,Winter,2011,Oct,Not Holiday,Fri,Yes,Clear,16.009151,0.504404,68.41669999999999,1.5002439,949,4036,4985
281,2011-10-08,Winter,2011,Oct,Not Holiday,Sat,No,Clear,16.518349,0.513242,70.125,3.0420814,2235,3174,5409
282,2011-10-09,Winter,2011,Oct,Not Holiday,Sun,No,Clear,17.419151,0.523983,72.75,4.251150000000001,2397,3114,5511
283,2011-10-10,Winter,2011,Oct,Holiday,Mon,No,Clear,18.829151000000003,0.542925,73.375,2.8343814,1514,3603,5117
284,2011-10-11,Winter,2011,Oct,Not Holiday,Tue,Yes,Misty,18.633349000000003,0.546096,80.875,9.583814,667,3896,4563
285,2011-10-12,Winter,2011,Oct,Not Holiday,Wed,Yes,Light Rain,17.536651,0.517717,90.625,16.62605,217,2199,2416
286,2011-10-13,Winter,2011,Oct,Not Holiday,Thu,Yes,Misty,19.690849,0.551804,89.6667,9.499729,290,2623,2913
287,2011-10-14,Winter,2011,Oct,Not Holiday,Fri,Yes,Misty,17.889151000000002,0.529675,71.625,15.000161,529,3115,3644
288,2011-10-15,Winter,2011,Oct,Not Holiday,Sat,No,Clear,15.813348999999999,0.498725,48.3333,17.291561,1899,3318,5217
289,2011-10-16,Winter,2011,Oct,Not Holiday,Sun,No,Clear,16.048348999999998,0.503154,48.6667,18.875039,1748,3293,5041
290,2011-10-17,Winter,2011,Oct,Not Holiday,Mon,Yes,Clear,17.105849,0.510725,57.958299999999994,11.750393,713,3857,4570
291,2011-10-18,Winter,2011,Oct,Not Holiday,Tue,Yes,Misty,17.0275,0.522721,70.1667,7.375829,637,4111,4748
292,2011-10-19,Winter,2011,Oct,Not Holiday,Wed,Yes,Light Rain,17.461733,0.513848,89.52170000000001,16.303713,254,2170,2424
293,2011-10-20,Winter,2011,Oct,Not Holiday,Thu,Yes,Clear,14.364151,0.466525,63.625,28.292425,471,3724,4195
294,2011-10-21,Winter,2011,Oct,Not Holiday,Fri,Yes,Clear,12.092500000000001,0.423596,57.4167,14.833532,676,3628,4304
295,2011-10-22,Winter,2011,Oct,Not Holiday,Sat,No,Clear,11.857499999999998,0.425492,62.916700000000006,6.2086689,1499,2809,4308
296,2011-10-23,Winter,2011,Oct,Not Holiday,Sun,No,Clear,11.818349000000001,0.422333,74.125,6.6673375,1619,2762,4381
297,2011-10-24,Winter,2011,Oct,Not Holiday,Mon,Yes,Clear,13.776651000000001,0.457067,77.2083,7.959064,699,3488,4187
298,2011-10-25,Winter,2011,Oct,Not Holiday,Tue,Yes,Clear,14.168349,0.463375,62.291700000000006,11.166086,695,3992,4687
299,2011-10-26,Winter,2011,Oct,Not Holiday,Wed,Yes,Misty,14.755849000000001,0.472846,72.04169999999999,9.959014,404,3490,3894
300,2011-10-27,Winter,2011,Oct,Not Holiday,Thu,Yes,Misty,14.09,0.457046,81.2917,13.250121,240,2419,2659
301,2011-10-28,Winter,2011,Oct,Not Holiday,Fri,Yes,Misty,7.549151,0.318812,58.58330000000001,15.375093,456,3291,3747
302,2011-10-29,Winter,2011,Oct,Not Holiday,Sat,No,Light Rain,3.945848999999999,0.227913,88.25,23.541857,57,570,627
303,2011-10-30,Winter,2011,Oct,Not Holiday,Sun,No,Clear,7.000848999999999,0.321329,62.375,11.833339,885,2446,3331
304,2011-10-31,Winter,2011,Oct,Not Holiday,Mon,Yes,Clear,7.98,0.356063,70.3333,7.12545,362,3307,3669
305,2011-11-01,Winter,2011,Nov,Not Holiday,Tue,Yes,Clear,10.839151000000001,0.397088,68.375,9.083257,410,3658,4068
306,2011-11-02,Winter,2011,Nov,Not Holiday,Wed,Yes,Clear,9.7425,0.390133,71.875,5.5001439,370,3816,4186
307,2011-11-03,Winter,2011,Nov,Not Holiday,Thu,Yes,Clear,11.191651,0.405921,70.20830000000001,9.166739,318,3656,3974
308,2011-11-04,Winter,2011,Nov,Not Holiday,Fri,Yes,Misty,10.956651,0.403392,62.25000000000001,18.209193,470,3576,4046
309,2011-11-05,Winter,2011,Nov,Not Holiday,Sat,No,Clear,7.353349,0.323854,51.916700000000006,12.667154,1156,2770,3926
310,2011-11-06,Winter,2011,Nov,Not Holiday,Sun,No,Clear,8.371651,0.362358,73.4583,6.1676314,952,2697,3649
311,2011-11-07,Winter,2011,Nov,Not Holiday,Mon,Yes,Clear,10.565000000000001,0.400871,75.875,3.834075,373,3662,4035
312,2011-11-08,Winter,2011,Nov,Not Holiday,Tue,Yes,Clear,11.191651,0.412246,72.16669999999999,4.6255125,376,3829,4205
313,2011-11-09,Winter,2011,Nov,Not Holiday,Wed,Yes,Clear,10.8,0.409079,75.83330000000001,4.1671186,305,3804,4109
314,2011-11-10,Winter,2011,Nov,Not Holiday,Thu,Yes,Misty,9.86,0.373721,81.3333,12.667489000000002,190,2743,2933
315,2011-11-11,Winter,2011,Nov,Holiday,Fri,No,Clear,7.235849,0.306817,44.625,21.083225,440,2928,3368
316,2011-11-12,Winter,2011,Nov,Not Holiday,Sat,No,Clear,8.763349000000002,0.357942,55.2917,14.208154,1275,2792,4067
317,2011-11-13,Winter,2011,Nov,Not Holiday,Sun,No,Clear,12.719151,0.43055,45.8333,18.875307,1004,2713,3717
318,2011-11-14,Winter,2011,Nov,Not Holiday,Mon,Yes,Clear,16.91,0.524612,58.7083,20.541932,595,3891,4486
319,2011-11-15,Winter,2011,Nov,Not Holiday,Tue,Yes,Misty,16.91,0.507579,68.875,13.375411,449,3746,4195
320,2011-11-16,Winter,2011,Nov,Not Holiday,Wed,Yes,Light Rain,13.463349000000001,0.451988,93.0,9.167543,145,1672,1817
321,2011-11-17,Winter,2011,Nov,Not Holiday,Thu,Yes,Misty,8.058349,0.323221,57.5833,20.459254,139,2914,3053
322,2011-11-18,Winter,2011,Nov,Not Holiday,Fri,Yes,Clear,4.885849,0.272721,41.0,11.291711,245,3147,3392
323,2011-11-19,Winter,2011,Nov,Not Holiday,Sat,No,Clear,7.470848999999999,0.324483,50.208299999999994,15.041232,943,2720,3663
324,2011-11-20,Winter,2011,Nov,Not Holiday,Sun,No,Misty,13.776651000000001,0.457058,68.45830000000001,12.45865,787,2733,3520
325,2011-11-21,Winter,2011,Nov,Not Holiday,Mon,Yes,Light Rain,13.032499999999999,0.445062,91.0,9.249618,220,2545,2765
326,2011-11-22,Winter,2011,Nov,Not Holiday,Tue,Yes,Light Rain,11.583349000000002,0.421696,96.25,7.959064,69,1538,1607
327,2011-11-23,Winter,2011,Nov,Not Holiday,Wed,Yes,Misty,12.719151,0.430537,75.79169999999999,22.500275,112,2454,2566
328,2011-11-24,Winter,2011,Nov,Holiday,Thu,No,Clear,9.546651,0.372471,54.9167,11.209368000000001,560,935,1495
329,2011-11-25,Winter,2011,Nov,Not Holiday,Fri,Yes,Clear,9.625,0.380671,64.375,6.6260186,1095,1697,2792
330,2011-11-26,Winter,2011,Nov,Not Holiday,Sat,No,Clear,9.664151,0.385087,68.1667,4.5841936,1249,1819,3068
331,2011-11-27,Winter,2011,Nov,Not Holiday,Sun,No,Clear,13.580849,0.4558,69.8333,13.999918,810,2261,3071
332,2011-11-28,Winter,2011,Nov,Not Holiday,Mon,Yes,Clear,15.663466,0.490122,74.3043,9.522174,253,3614,3867
333,2011-11-29,Winter,2011,Nov,Not Holiday,Tue,Yes,Misty,13.541650999999998,0.451375,83.08330000000001,17.292164,96,2818,2914
334,2011-11-30,Winter,2011,Nov,Not Holiday,Wed,Yes,Clear,7.275,0.311221,61.3333,18.167586,188,3425,3613
335,2011-12-01,Winter,2011,Des,Not Holiday,Thu,Yes,Clear,6.6875,0.305554,52.4583,14.750586,182,3545,3727
336,2011-12-02,Winter,2011,Des,Not Holiday,Fri,Yes,Clear,6.765848999999999,0.331433,62.583299999999994,6.750518,268,3672,3940
337,2011-12-03,Winter,2011,Des,Not Holiday,Sat,No,Clear,6.060849000000001,0.310604,61.291700000000006,6.4174811,706,2908,3614
338,2011-12-04,Winter,2011,Des,Not Holiday,Sun,No,Clear,7.549151,0.3491,77.5833,5.6252061,634,2851,3485
339,2011-12-05,Winter,2011,Des,Not Holiday,Mon,Yes,Misty,10.134151,0.393925,82.70830000000001,4.1679561000000005,233,3578,3811
340,2011-12-06,Winter,2011,Des,Not Holiday,Tue,Yes,Light Rain,13.7375,0.4564,94.9583,15.583061,126,2468,2594
341,2011-12-07,Winter,2011,Des,Not Holiday,Wed,Yes,Light Rain,11.27,0.400246,97.04169999999999,17.833725,50,655,705
342,2011-12-08,Winter,2011,Des,Not Holiday,Thu,Yes,Clear,4.494150999999999,0.256938,57.99999999999999,16.083886,150,3172,3322
343,2011-12-09,Winter,2011,Des,Not Holiday,Fri,Yes,Clear,5.669151000000001,0.317542,69.58330000000001,5.5420189,261,3359,3620
344,2011-12-10,Winter,2011,Des,Not Holiday,Sat,No,Clear,4.925000000000001,0.266412,50.74999999999999,15.625807,502,2688,3190
345,2011-12-11,Winter,2011,Des,Not Holiday,Sun,No,Clear,2.3791510000000002,0.253154,49.0,4.458293899999999,377,2366,2743
346,2011-12-12,Winter,2011,Des,Not Holiday,Mon,Yes,Clear,3.201651,0.270196,67.08330000000001,4.251150000000001,143,3167,3310
347,2011-12-13,Winter,2011,Des,Not Holiday,Tue,Yes,Clear,5.277499999999998,0.301138,59.0,9.41685,155,3368,3523
348,2011-12-14,Winter,2011,Des,Not Holiday,Wed,Yes,Misty,6.922499999999999,0.338362,66.375,4.0842061,178,3562,3740
349,2011-12-15,Winter,2011,Des,Not Holiday,Thu,Yes,Misty,11.857499999999998,0.412237,63.416700000000006,17.958814,181,3528,3709
350,2011-12-16,Winter,2011,Des,Not Holiday,Fri,Yes,Misty,9.625,0.359825,50.0417,17.458525,178,3399,3577
351,2011-12-17,Winter,2011,Des,Not Holiday,Sat,No,Misty,4.1416509999999995,0.249371,56.0833,16.292189,275,2464,2739
352,2011-12-18,Winter,2011,Des,Not Holiday,Sun,No,Clear,3.201651,0.245579,58.62500000000001,11.375193000000001,220,2211,2431
353,2011-12-19,Winter,2011,Des,Not Holiday,Mon,Yes,Clear,5.003349,0.280933,63.74999999999999,11.584031999999999,260,3143,3403
354,2011-12-20,Winter,2011,Des,Not Holiday,Tue,Yes,Misty,10.134151,0.396454,59.5417,4.1252436,216,3534,3750
355,2011-12-21,Spring,2011,Des,Not Holiday,Wed,Yes,Misty,12.131651000000002,0.428017,85.83330000000001,14.8338,107,2553,2660
356,2011-12-22,Spring,2011,Des,Not Holiday,Thu,Yes,Misty,11.896651000000002,0.426121,75.75,3.1674249999999997,227,2841,3068
357,2011-12-23,Spring,2011,Des,Not Holiday,Fri,Yes,Clear,9.546651,0.377513,68.625,18.374482,163,2046,2209
358,2011-12-24,Spring,2011,Des,Not Holiday,Sat,No,Clear,6.217499999999999,0.299242,54.25,12.750368,155,856,1011
359,2011-12-25,Spring,2011,Des,Not Holiday,Sun,No,Clear,4.914801000000001,0.279961,68.13040000000001,10.391097,303,451,754
360,2011-12-26,Spring,2011,Des,Holiday,Mon,No,Clear,7.121732999999999,0.315535,50.6957,16.044155,430,887,1317
361,2011-12-27,Spring,2011,Des,Not Holiday,Tue,Yes,Misty,7.275,0.327633,76.25,12.62615,103,1059,1162
362,2011-12-28,Spring,2011,Des,Not Holiday,Wed,Yes,Clear,6.05911,0.279974,50.39130000000001,19.695386999999997,255,2047,2302
363,2011-12-29,Spring,2011,Des,Not Holiday,Thu,Yes,Clear,3.6716510000000007,0.263892,57.4167,8.000604000000001,254,2169,2423
364,2011-12-30,Spring,2011,Des,Not Holiday,Fri,Yes,Clear,6.648349000000001,0.318812,63.6667,9.000579,491,2508,2999
365,2011-12-31,Spring,2011,Des,Not Holiday,Sat,No,Clear,11.27,0.414121,61.583299999999994,14.750318,665,1820,2485
366,2012-01-01,Spring,2012,Jan,Not Holiday,Sun,No,Clear,9.39,0.375621,69.25,12.875189,686,1608,2294
367,2012-01-02,Spring,2012,Jan,Holiday,Mon,No,Clear,4.833020999999999,0.252304,38.130399999999995,22.087555,244,1707,1951
368,2012-01-03,Spring,2012,Jan,Not Holiday,Tue,Yes,Clear,-0.9500000000000002,0.126275,44.125,24.499957000000002,89,2147,2236
369,2012-01-04,Spring,2012,Jan,Not Holiday,Wed,Yes,Misty,-2.9475,0.119337,41.4583,12.3749,95,2273,2368
370,2012-01-05,Spring,2012,Jan,Not Holiday,Thu,Yes,Clear,4.494150999999999,0.278412,52.416700000000006,8.709128999999999,140,3132,3272
371,2012-01-06,Spring,2012,Jan,Not Holiday,Fri,Yes,Clear,7.705848999999999,0.340267,54.2083,11.249836,307,3791,4098
372,2012-01-07,Spring,2012,Jan,Not Holiday,Sat,No,Clear,10.486650999999998,0.390779,53.1667,11.708786,1070,3451,4521
373,2012-01-08,Spring,2012,Jan,Not Holiday,Sun,No,Clear,7.862500000000001,0.340258,46.5,12.833314,599,2826,3425
374,2012-01-09,Spring,2012,Jan,Not Holiday,Mon,Yes,Misty,2.5358490000000007,0.247479,70.1667,6.6263000000000005,106,2270,2376
375,2012-01-10,Spring,2012,Jan,Not Holiday,Tue,Yes,Clear,6.508712000000001,0.318826,64.65220000000001,12.565984,173,3425,3598
376,2012-01-11,Spring,2012,Jan,Not Holiday,Wed,Yes,Misty,4.885849,0.282821,84.75,8.791807,92,2085,2177
377,2012-01-12,Spring,2012,Jan,Not Holiday,Thu,Yes,Misty,9.9775,0.381938,80.2917,12.124789,269,3828,4097
378,2012-01-13,Spring,2012,Jan,Not Holiday,Fri,Yes,Clear,4.885849,0.249362,50.74999999999999,25.333236,174,3040,3214
379,2012-01-14,Spring,2012,Jan,Not Holiday,Sat,No,Clear,0.4599999999999991,0.183087,45.75,12.541260999999999,333,2160,2493
380,2012-01-15,Spring,2012,Jan,Not Holiday,Sun,No,Clear,-0.16665099999999988,0.161625,41.9167,16.834286,284,2027,2311
381,2012-01-16,Spring,2012,Jan,Holiday,Mon,No,Clear,0.9299999999999997,0.190663,52.25,15.500986000000001,217,2081,2298
382,2012-01-17,Spring,2012,Jan,Not Holiday,Tue,Yes,Misty,9.533021000000002,0.364278,71.6087,23.39171,127,2808,2935
383,2012-01-18,Spring,2012,Jan,Not Holiday,Wed,Yes,Clear,6.2566510000000015,0.275254,44.333299999999994,27.833743,109,3267,3376
384,2012-01-19,Spring,2012,Jan,Not Holiday,Thu,Yes,Clear,0.9299999999999997,0.190038,49.75,14.750586,130,3162,3292
385,2012-01-20,Spring,2012,Jan,Not Holiday,Fri,Yes,Misty,2.2225,0.220958,45.0,13.58425,115,3048,3163
386,2012-01-21,Spring,2012,Jan,Not Holiday,Sat,No,Misty,0.14665099999999853,0.174875,83.125,14.917014,67,1234,1301
387,2012-01-22,Spring,2012,Jan,Not Holiday,Sun,No,Misty,-0.3624999999999998,0.16225,79.625,13.375746000000001,196,1781,1977
388,2012-01-23,Spring,2012,Jan,Not Holiday,Mon,Yes,Misty,2.2616510000000005,0.243058,91.125,7.417436,145,2287,2432
389,2012-01-24,Spring,2012,Jan,Not Holiday,Tue,Yes,Clear,8.0975,0.349108,83.58330000000001,8.292389,439,3900,4339
390,2012-01-25,Spring,2012,Jan,Not Holiday,Wed,Yes,Clear,5.825849,0.294821,64.375,10.791756999999999,467,3803,4270
391,2012-01-26,Spring,2012,Jan,Not Holiday,Thu,Yes,Misty,8.058349,0.35605,76.95830000000001,4.9175186,244,3831,4075
392,2012-01-27,Spring,2012,Jan,Not Holiday,Fri,Yes,Misty,11.974999999999998,0.415383,74.125,22.958689,269,3187,3456
393,2012-01-28,Spring,2012,Jan,Not Holiday,Sat,No,Clear,6.844150999999998,0.326379,54.333299999999994,14.125542999999999,775,3248,4023
394,2012-01-29,Spring,2012,Jan,Not Holiday,Sun,No,Clear,5.277499999999998,0.272721,31.125000000000004,16.08335,558,2685,3243
395,2012-01-30,Spring,2012,Jan,Not Holiday,Mon,Yes,Clear,4.650848999999999,0.262625,40.0833,14.458064,126,3498,3624
396,2012-01-31,Spring,2012,Jan,Not Holiday,Tue,Yes,Clear,10.330000000000002,0.381317,41.6667,17.541739,324,4185,4509
397,2012-02-01,Spring,2012,Feb,Not Holiday,Wed,Yes,Clear,14.050849,0.466538,50.79169999999999,12.667489000000002,304,4275,4579
398,2012-02-02,Spring,2012,Feb,Not Holiday,Thu,Yes,Misty,10.760849,0.398971,67.29169999999999,12.541528999999999,190,3571,3761
399,2012-02-03,Spring,2012,Feb,Not Holiday,Fri,Yes,Clear,6.726650999999999,0.309346,52.6667,11.959232,310,3841,4151
400,2012-02-04,Spring,2012,Feb,Not Holiday,Sat,No,Misty,4.415849,0.272725,77.95830000000001,8.167032,384,2448,2832
401,2012-02-05,Spring,2012,Feb,Not Holiday,Sun,No,Misty,4.494150999999999,0.264521,68.7917,11.791732000000001,318,2629,2947
402,2012-02-06,Spring,2012,Feb,Not Holiday,Mon,Yes,Clear,5.282622999999999,0.296426,62.2174,10.304599999999999,206,3578,3784
403,2012-02-07,Spring,2012,Feb,Not Holiday,Tue,Yes,Clear,8.645849000000002,0.361104,49.625,9.874393000000001,199,4176,4375
404,2012-02-08,Spring,2012,Feb,Not Holiday,Wed,Yes,Misty,4.063348999999999,0.266421,72.2917,8.959307,109,2693,2802
405,2012-02-09,Spring,2012,Feb,Not Holiday,Thu,Yes,Clear,4.455,0.261988,56.2083,13.000478999999999,163,3667,3830
406,2012-02-10,Spring,2012,Feb,Not Holiday,Fri,Yes,Misty,5.1991510000000005,0.293558,54.0,7.834243000000001,227,3604,3831
407,2012-02-11,Spring,2012,Feb,Not Holiday,Sat,No,Light Rain,2.5358490000000007,0.210867,73.125,19.416332,192,1977,2169
408,2012-02-12,Spring,2012,Feb,Not Holiday,Sun,No,Clear,-2.0075000000000003,0.101658,46.4583,27.417204,73,1456,1529
409,2012-02-13,Spring,2012,Feb,Not Holiday,Mon,Yes,Clear,2.4574999999999996,0.227913,41.125,11.207961,94,3328,3422
410,2012-02-14,Spring,2012,Feb,Not Holiday,Tue,Yes,Misty,7.000848999999999,0.333946,50.875,9.458993,135,3787,3922
411,2012-02-15,Spring,2012,Feb,Not Holiday,Wed,Yes,Clear,8.371651,0.351629,53.125,12.167200000000001,141,4028,4169
412,2012-02-16,Spring,2012,Feb,Not Holiday,Thu,Yes,Misty,6.883348999999999,0.330162,75.29169999999999,6.125475000000001,74,2931,3005
413,2012-02-17,Spring,2012,Feb,Not Holiday,Fri,Yes,Clear,8.136651,0.351629,63.4583,13.791682,349,3805,4154
414,2012-02-18,Spring,2012,Feb,Not Holiday,Sat,No,Clear,8.293349,0.355425,53.4583,12.792243,1435,2883,4318
415,2012-02-19,Spring,2012,Feb,Not Holiday,Sun,No,Misty,5.160000000000002,0.265788,51.5833,16.958504,618,2071,2689
416,2012-02-20,Spring,2012,Feb,Holiday,Mon,No,Clear,5.160000000000002,0.273391,50.7826,15.348561,502,2627,3129
417,2012-02-21,Spring,2012,Feb,Not Holiday,Tue,Yes,Clear,5.5278220000000005,0.295113,59.434799999999996,13.783039,163,3614,3777
418,2012-02-22,Spring,2012,Feb,Not Holiday,Wed,Yes,Clear,10.604150999999998,0.392667,56.7917,15.709557,394,4379,4773
419,2012-02-23,Spring,2012,Feb,Not Holiday,Thu,Yes,Clear,13.345849000000001,0.444446,55.45830000000001,12.791171,516,4546,5062
420,2012-02-24,Spring,2012,Feb,Not Holiday,Fri,Yes,Misty,11.1525,0.410971,73.75,15.916989,246,3241,3487
421,2012-02-25,Spring,2012,Feb,Not Holiday,Sat,No,Clear,5.669151000000001,0.255675,39.5833,28.250014,317,2415,2732
422,2012-02-26,Spring,2012,Feb,Not Holiday,Sun,No,Clear,5.120849,0.268308,41.0,13.750342999999999,515,2874,3389
423,2012-02-27,Spring,2012,Feb,Not Holiday,Mon,Yes,Clear,9.233349,0.357954,49.0833,17.958211000000002,253,4069,4322
424,2012-02-28,Spring,2012,Feb,Not Holiday,Tue,Yes,Clear,8.880849000000001,0.353525,39.5833,12.958939,229,4134,4363
425,2012-02-29,Spring,2012,Feb,Not Holiday,Wed,Yes,Misty,8.184356000000001,0.34847,80.4783,12.000839,65,1769,1834
426,2012-03-01,Spring,2012,Mar,Not Holiday,Thu,Yes,Clear,14.834151000000002,0.475371,61.5417,15.208129,325,4665,4990
427,2012-03-02,Spring,2012,Mar,Not Holiday,Fri,Yes,Misty,8.606651,0.359842,65.7083,9.708568,246,2948,3194
428,2012-03-03,Spring,2012,Mar,Not Holiday,Sat,No,Misty,11.465848999999999,0.413492,62.125,10.792293,956,3110,4066
429,2012-03-04,Spring,2012,Mar,Not Holiday,Sun,No,Clear,7.314150999999999,0.303021,40.3333,22.416257,710,2713,3423
430,2012-03-05,Spring,2012,Mar,Not Holiday,Mon,Yes,Clear,3.4366509999999995,0.241171,50.625,15.333486,203,3130,3333
431,2012-03-06,Spring,2012,Mar,Not Holiday,Tue,Yes,Clear,4.1416509999999995,0.255042,45.6667,13.458625,221,3735,3956
432,2012-03-07,Spring,2012,Mar,Not Holiday,Wed,Yes,Clear,10.995849,0.3851,51.3333,23.167193,432,4484,4916
433,2012-03-08,Spring,2012,Mar,Not Holiday,Thu,Yes,Clear,16.792499999999997,0.524604,56.75,29.584721,486,4896,5382
434,2012-03-09,Spring,2012,Mar,Not Holiday,Fri,Yes,Misty,11.309151,0.397083,40.708299999999994,27.7916,447,4122,4569
435,2012-03-10,Spring,2012,Mar,Not Holiday,Sat,No,Clear,5.512499999999999,0.277767,35.0417,15.125250000000001,968,3150,4118
436,2012-03-11,Spring,2012,Mar,Not Holiday,Sun,No,Clear,9.001732999999998,0.35967,47.6957,14.913329000000001,1658,3253,4911
437,2012-03-12,Spring,2012,Mar,Not Holiday,Mon,Yes,Clear,13.933349,0.459592,48.9167,13.916771,838,4460,5298
438,2012-03-13,Spring,2012,Mar,Not Holiday,Tue,Yes,Clear,18.554999999999996,0.542929,61.75000000000001,15.87565,762,5085,5847
439,2012-03-14,Spring,2012,Mar,Not Holiday,Wed,Yes,Clear,18.9075,0.548617,50.708299999999994,7.709154,997,5315,6312
440,2012-03-15,Spring,2012,Mar,Not Holiday,Thu,Yes,Clear,18.2025,0.532825,57.958299999999994,10.042161,1005,5187,6192
441,2012-03-16,Spring,2012,Mar,Not Holiday,Fri,Yes,Misty,12.484151,0.436229,84.20830000000001,7.583864,548,3830,4378
442,2012-03-17,Spring,2012,Mar,Not Holiday,Sat,No,Misty,16.165849,0.505046,75.5833,7.417168,3155,4681,7836
443,2012-03-18,Spring,2012,Mar,Not Holiday,Sun,No,Misty,14.2075,0.464,81.0,8.501161,2207,3685,5892
444,2012-03-19,Spring,2012,Mar,Not Holiday,Mon,Yes,Clear,17.615000000000002,0.532821,72.875,10.875238999999999,982,5171,6153
445,2012-03-20,Spring,2012,Mar,Not Holiday,Tue,Yes,Clear,18.359151,0.538533,80.7917,8.125157,1051,5042,6093
446,2012-03-21,Summer,2012,Mar,Not Holiday,Wed,Yes,Misty,16.988349,0.513258,82.125,6.000406099999999,1122,5108,6230
447,2012-03-22,Summer,2012,Mar,Not Holiday,Thu,Yes,Clear,18.045848999999997,0.531567,83.125,7.876654,1334,5537,6871
448,2012-03-23,Summer,2012,Mar,Not Holiday,Fri,Yes,Misty,20.278349,0.570067,69.41669999999999,7.7921000000000005,2469,5893,8362
449,2012-03-24,Summer,2012,Mar,Not Holiday,Sat,No,Misty,15.617499999999996,0.486733,88.5417,12.916461,1033,2339,3372
450,2012-03-25,Summer,2012,Mar,Not Holiday,Sun,No,Misty,12.5625,0.437488,88.0833,14.791924999999999,1532,3464,4996
451,2012-03-26,Summer,2012,Mar,Not Holiday,Mon,Yes,Clear,12.954151,0.43875,47.7917,25.917007,795,4763,5558
452,2012-03-27,Summer,2012,Mar,Not Holiday,Tue,Yes,Clear,7.196650999999999,0.315654,28.999999999999996,12.541864,531,4571,5102
453,2012-03-28,Summer,2012,Mar,Not Holiday,Wed,Yes,Clear,14.755849000000001,0.47095,48.125,19.541957,674,5024,5698
454,2012-03-29,Summer,2012,Mar,Not Holiday,Thu,Yes,Clear,15.225849,0.482304,43.9167,21.41655,834,5299,6133
455,2012-03-30,Summer,2012,Mar,Not Holiday,Fri,Yes,Misty,9.39,0.375621,58.0833,9.250489,796,4663,5459
456,2012-03-31,Summer,2012,Mar,Not Holiday,Sat,No,Misty,11.935849000000001,0.421708,73.83330000000001,16.791338999999997,2301,3934,6235
457,2012-04-01,Summer,2012,April,Not Holiday,Sun,No,Misty,12.014151000000002,0.417287,67.625,11.541889,2347,3694,6041
458,2012-04-02,Summer,2012,April,Not Holiday,Mon,Yes,Clear,12.393911,0.427513,50.4348,20.913313,1208,4728,5936
459,2012-04-03,Summer,2012,April,Not Holiday,Tue,Yes,Clear,13.933349,0.461483,39.6667,6.708911,1348,5424,6772
460,2012-04-04,Summer,2012,April,Not Holiday,Wed,Yes,Clear,17.458349000000002,0.53345,46.958299999999994,12.125325,1058,5378,6436
461,2012-04-05,Summer,2012,April,Not Holiday,Thu,Yes,Clear,12.445,0.431163,37.416700000000006,14.708443,1192,5265,6457
462,2012-04-06,Summer,2012,April,Not Holiday,Fri,Yes,Clear,10.956651,0.390767,37.7083,20.125996,1807,4653,6460
463,2012-04-07,Summer,2012,April,Not Holiday,Sat,No,Clear,12.5625,0.426129,25.4167,18.416356999999998,3252,3605,6857
464,2012-04-08,Summer,2012,April,Not Holiday,Sun,No,Clear,15.5,0.492425,27.5833,15.583931999999999,2230,2939,5169
465,2012-04-09,Summer,2012,April,Not Holiday,Mon,Yes,Clear,14.990849,0.476638,31.75,23.999132,905,4680,5585
466,2012-04-10,Summer,2012,April,Not Holiday,Tue,Yes,Clear,12.993348999999998,0.436233,43.5,16.708125000000003,819,5099,5918
467,2012-04-11,Summer,2012,April,Not Holiday,Wed,Yes,Clear,8.388712000000002,0.337274,46.9565,19.783358,482,4380,4862
468,2012-04-12,Summer,2012,April,Not Holiday,Thu,Yes,Clear,10.682500000000001,0.387604,46.625,19.458743,663,4746,5409
469,2012-04-13,Summer,2012,April,Not Holiday,Fri,Yes,Clear,12.7975,0.431808,40.8333,10.416557,1252,5146,6398
470,2012-04-14,Summer,2012,April,Not Holiday,Sat,No,Clear,15.265,0.487996,50.29169999999999,12.791439,2795,4665,7460
471,2012-04-15,Summer,2012,April,Not Holiday,Sun,No,Clear,20.513348999999998,0.573875,50.79169999999999,15.083643,2846,4286,7132
472,2012-04-16,Summer,2012,April,Holiday,Mon,No,Clear,23.215849,0.614925,56.166700000000006,19.083543,1198,5172,6370
473,2012-04-17,Summer,2012,April,Not Holiday,Tue,Yes,Clear,20.591651,0.598487,39.0417,18.333143,989,5702,6691
474,2012-04-18,Summer,2012,April,Not Holiday,Wed,Yes,Misty,13.776651000000001,0.457038,56.9167,11.250104,347,4020,4367
475,2012-04-19,Summer,2012,April,Not Holiday,Thu,Yes,Clear,15.421651,0.493046,61.25000000000001,4.417256399999999,846,5719,6565
476,2012-04-20,Summer,2012,April,Not Holiday,Fri,Yes,Clear,16.753349,0.515775,69.4583,10.041357,1340,5950,7290
477,2012-04-21,Summer,2012,April,Not Holiday,Sat,No,Clear,18.79,0.542921,68.2917,19.000328999999997,2541,4083,6624
478,2012-04-22,Summer,2012,April,Not Holiday,Sun,No,Light Rain,10.643349,0.389504,83.54169999999999,23.084582,120,907,1027
479,2012-04-23,Summer,2012,April,Not Holiday,Mon,Yes,Misty,7.1183489999999985,0.301125,76.66669999999999,20.334232,195,3019,3214
480,2012-04-24,Summer,2012,April,Not Holiday,Tue,Yes,Clear,11.426651,0.405283,45.4167,16.708661,518,5115,5633
481,2012-04-25,Summer,2012,April,Not Holiday,Wed,Yes,Clear,14.403348999999999,0.470317,42.7917,7.959064,655,5541,6196
482,2012-04-26,Summer,2012,April,Not Holiday,Thu,Yes,Misty,15.421651,0.483583,75.66669999999999,11.833875,475,4551,5026
483,2012-04-27,Summer,2012,April,Not Holiday,Fri,Yes,Clear,13.502500000000001,0.452637,40.0833,23.291411,1014,5219,6233
484,2012-04-28,Summer,2012,April,Not Holiday,Sat,No,Misty,9.703349,0.377504,48.9583,8.708325,1120,3100,4220
485,2012-04-29,Summer,2012,April,Not Holiday,Sun,No,Clear,13.541650999999998,0.450121,58.7083,7.8328359999999995,2229,4075,6304
486,2012-04-30,Summer,2012,April,Not Holiday,Mon,Yes,Misty,13.815849,0.457696,56.99999999999999,11.499746,665,4907,5572
487,2012-05-01,Summer,2012,May,Not Holiday,Tue,Yes,Misty,20.826651000000002,0.577021,65.95830000000001,10.458432,653,5087,5740
488,2012-05-02,Summer,2012,May,Not Holiday,Wed,Yes,Clear,18.515849,0.537896,79.7083,9.249885999999998,667,5502,6169
489,2012-05-03,Summer,2012,May,Not Holiday,Thu,Yes,Misty,18.320000000000004,0.537242,76.83330000000001,8.957632,764,5657,6421
490,2012-05-04,Summer,2012,May,Not Holiday,Fri,Yes,Clear,21.492499999999996,0.590917,73.54169999999999,10.916846,1069,5227,6296
491,2012-05-05,Summer,2012,May,Not Holiday,Sat,No,Misty,21.218349,0.584608,75.66669999999999,10.250464,2496,4387,6883
492,2012-05-06,Summer,2012,May,Not Holiday,Sun,No,Misty,18.4375,0.546737,74.0,10.041893,2135,4224,6359
493,2012-05-07,Summer,2012,May,Not Holiday,Mon,Yes,Misty,17.2625,0.527142,66.41669999999999,15.458307000000001,1008,5265,6273
494,2012-05-08,Summer,2012,May,Not Holiday,Tue,Yes,Misty,19.338349,0.557471,68.58330000000001,19.833942999999998,738,4990,5728
495,2012-05-09,Summer,2012,May,Not Holiday,Wed,Yes,Misty,19.025,0.553025,74.4167,14.499604,620,4097,4717
496,2012-05-10,Summer,2012,May,Not Holiday,Thu,Yes,Clear,15.774151,0.491783,55.2083,21.042220999999998,1026,5546,6572
497,2012-05-11,Summer,2012,May,Not Holiday,Fri,Yes,Clear,17.066650999999997,0.520833,36.0417,15.874779,1319,5711,7030
498,2012-05-12,Summer,2012,May,Not Holiday,Sat,No,Clear,18.515849,0.544817,48.0417,8.249911,2622,4807,7429
499,2012-05-13,Summer,2012,May,Not Holiday,Sun,No,Clear,20.7875,0.585238,57.62500000000001,15.082839,2172,3946,6118
500,2012-05-14,Summer,2012,May,Not Holiday,Mon,Yes,Misty,18.946651,0.5499,78.95830000000001,14.250364,342,2501,2843
501,2012-05-15,Summer,2012,May,Not Holiday,Tue,Yes,Misty,20.748348999999997,0.576404,79.45830000000001,9.875264,625,4490,5115
502,2012-05-16,Summer,2012,May,Not Holiday,Wed,Yes,Clear,21.923348999999998,0.595975,69.7917,8.208304,991,6433,7424
503,2012-05-17,Summer,2012,May,Not Holiday,Thu,Yes,Clear,19.886651,0.572613,52.0,15.374825000000001,1242,6142,7384
504,2012-05-18,Summer,2012,May,Not Holiday,Fri,Yes,Clear,18.515849,0.551121,52.33330000000001,9.166739,1521,6118,7639
505,2012-05-19,Summer,2012,May,Not Holiday,Sat,No,Clear,20.2,0.566908,45.625,5.626325,3410,4884,8294
506,2012-05-20,Summer,2012,May,Not Holiday,Sun,No,Clear,21.179150999999997,0.583967,53.041700000000006,17.042589,2704,4425,7129
507,2012-05-21,Summer,2012,May,Not Holiday,Mon,Yes,Misty,20.121651,0.565667,81.125,15.624668,630,3729,4359
508,2012-05-22,Summer,2012,May,Not Holiday,Tue,Yes,Misty,20.905,0.580825,76.5833,7.917189,819,5254,6073
509,2012-05-23,Summer,2012,May,Not Holiday,Wed,Yes,Misty,21.218349,0.584612,77.45830000000001,6.834,766,4494,5260
510,2012-05-24,Summer,2012,May,Not Holiday,Thu,Yes,Clear,22.785,0.6067,71.6667,11.584031999999999,1059,5711,6770
511,2012-05-25,Summer,2012,May,Not Holiday,Fri,Yes,Clear,23.96,0.627529,74.70830000000001,9.41685,1417,5317,6734
512,2012-05-26,Summer,2012,May,Not Holiday,Sat,No,Clear,24.5475,0.642696,73.25,13.332464,2855,3681,6536
513,2012-05-27,Summer,2012,May,Not Holiday,Sun,No,Clear,24.43,0.641425,69.7083,14.416457,3283,3308,6591
514,2012-05-28,Summer,2012,May,Holiday,Mon,No,Clear,25.487500000000004,0.6793,67.625,13.166907,2557,3486,6043
515,2012-05-29,Summer,2012,May,Not Holiday,Tue,Yes,Clear,25.957500000000003,0.672992,68.45830000000001,19.7918,880,4863,5743
516,2012-05-30,Summer,2012,May,Not Holiday,Wed,Yes,Misty,22.863349,0.611129,67.0,9.000043,745,6110,6855
517,2012-05-31,Summer,2012,May,Not Holiday,Thu,Yes,Clear,23.96,0.631329,49.2917,13.083693,1100,6238,7338
518,2012-06-01,Summer,2012,June,Not Holiday,Fri,Yes,Misty,22.745849000000003,0.607962,75.5417,15.916720999999999,533,3594,4127
519,2012-06-02,Summer,2012,June,Not Holiday,Sat,No,Clear,19.416650999999998,0.566288,54.9167,12.499654,2795,5325,8120
520,2012-06-03,Summer,2012,June,Not Holiday,Sun,No,Clear,20.317500000000003,0.575133,49.3333,12.333829,2494,5147,7641
521,2012-06-04,Summer,2012,June,Not Holiday,Mon,Yes,Clear,20.082500000000003,0.578283,48.7083,19.083811,1071,5927,6998
522,2012-06-05,Summer,2012,June,Not Holiday,Tue,Yes,Misty,17.419151,0.525892,61.3333,14.041525,968,6033,7001
523,2012-06-06,Summer,2012,June,Not Holiday,Wed,Yes,Clear,18.045848999999997,0.542292,61.12499999999999,5.167375,1027,6028,7055
524,2012-06-07,Summer,2012,June,Not Holiday,Thu,Yes,Clear,20.317500000000003,0.569442,56.7083,10.542449999999999,1038,6456,7494
525,2012-06-08,Summer,2012,June,Not Holiday,Fri,Yes,Clear,22.510849000000004,0.597862,46.791700000000006,11.750661000000001,1488,6248,7736
526,2012-06-09,Summer,2012,June,Not Holiday,Sat,No,Clear,25.409151,0.648367,43.7083,9.667229,2708,4790,7498
527,2012-06-10,Summer,2012,June,Not Holiday,Sun,No,Clear,26.153349,0.663517,53.833299999999994,8.959307,2224,4374,6598
528,2012-06-11,Summer,2012,June,Not Holiday,Mon,Yes,Misty,25.879151,0.659721,58.791700000000006,13.916771,1017,5647,6664
529,2012-06-12,Summer,2012,June,Not Holiday,Tue,Yes,Misty,22.706651,0.597875,83.3333,14.374581999999998,477,4495,4972
530,2012-06-13,Summer,2012,June,Not Holiday,Wed,Yes,Clear,22.824151,0.611117,58.2083,22.999693,1173,6248,7421
531,2012-06-14,Summer,2012,June,Not Holiday,Thu,Yes,Clear,22.471651,0.624383,56.958299999999994,17.000111,1180,6183,7363
532,2012-06-15,Summer,2012,June,Not Holiday,Fri,Yes,Clear,22.040849,0.599754,58.958299999999994,11.833339,1563,6102,7665
533,2012-06-16,Summer,2012,June,Not Holiday,Sat,No,Clear,21.688349,0.594708,50.416700000000006,11.166689,2963,4739,7702
534,2012-06-17,Summer,2012,June,Not Holiday,Sun,No,Clear,19.8475,0.571975,59.875,9.708568,2634,4344,6978
535,2012-06-18,Summer,2012,June,Not Holiday,Mon,Yes,Misty,18.711651,0.544842,77.79169999999999,11.707982000000001,653,4446,5099
536,2012-06-19,Summer,2012,June,Not Holiday,Tue,Yes,Clear,24.351650999999997,0.654692,69.0,9.917139,968,5857,6825
537,2012-06-20,Summer,2012,June,Not Holiday,Wed,Yes,Clear,28.777499999999996,0.720975,59.2083,7.625404,872,5339,6211
538,2012-06-21,Fall,2012,June,Not Holiday,Thu,Yes,Clear,29.874150999999998,0.752542,56.7917,7.958729,778,5127,5905
539,2012-06-22,Fall,2012,June,Not Holiday,Fri,Yes,Clear,28.542499999999997,0.724121,57.375,12.250414000000001,964,4859,5823
540,2012-06-23,Fall,2012,June,Not Holiday,Sat,No,Clear,26.388348999999998,0.652792,53.4583,12.041307,2657,4801,7458
541,2012-06-24,Fall,2012,June,Not Holiday,Sun,No,Clear,26.936650999999998,0.674254,47.9167,9.750174999999999,2551,4340,6891
542,2012-06-25,Fall,2012,June,Not Holiday,Mon,Yes,Clear,25.644151,0.654042,50.416700000000006,20.125661,1139,5640,6779
543,2012-06-26,Fall,2012,June,Not Holiday,Tue,Yes,Clear,21.649151,0.594704,37.3333,23.292014,1077,6365,7442
544,2012-06-27,Fall,2012,June,Not Holiday,Wed,Yes,Clear,24.7825,0.640792,36.0,18.208925,1077,6258,7335
545,2012-06-28,Fall,2012,June,Not Holiday,Thu,Yes,Clear,27.210849000000003,0.675512,42.25,11.50055,921,5958,6879
546,2012-06-29,Fall,2012,June,Not Holiday,Fri,Yes,Clear,31.205849,0.786613,48.875,11.082939000000001,829,4634,5463
547,2012-06-30,Fall,2012,June,Not Holiday,Sat,No,Clear,27.955,0.687508,60.12499999999999,10.791756999999999,1455,4232,5687
548,2012-07-01,Fall,2012,July,Not Holiday,Sun,No,Clear,30.344151000000004,0.750629,51.87500000000001,11.291443000000001,1421,4110,5531
549,2012-07-02,Fall,2012,July,Not Holiday,Mon,Yes,Clear,28.738349,0.702038,44.7083,13.082889,904,5323,6227
550,2012-07-03,Fall,2012,July,Not Holiday,Tue,Yes,Clear,28.699151,0.70265,49.2083,8.457878999999998,1052,5608,6660
551,2012-07-04,Fall,2012,July,Holiday,Wed,No,Clear,29.090849,0.732337,53.87499999999999,9.041649999999999,2562,4841,7403
552,2012-07-05,Fall,2012,July,Not Holiday,Thu,Yes,Clear,30.8925,0.761367,45.7917,12.999943,1405,4836,6241
553,2012-07-06,Fall,2012,July,Not Holiday,Fri,Yes,Clear,30.931651000000002,0.752533,45.0833,9.791514,1366,4841,6207
554,2012-07-07,Fall,2012,July,Not Holiday,Sat,No,Clear,32.498349,0.804913,49.2083,10.958118,1448,3392,4840
555,2012-07-08,Fall,2012,July,Not Holiday,Sun,No,Clear,30.6575,0.790396,57.375,8.417143,1203,3469,4672
556,2012-07-09,Fall,2012,July,Not Holiday,Mon,Yes,Misty,25.409151,0.654054,68.3333,12.125325,998,5571,6569
557,2012-07-10,Fall,2012,July,Not Holiday,Tue,Yes,Misty,25.879151,0.664796,66.75,10.166379000000001,954,5336,6290
558,2012-07-11,Fall,2012,July,Not Holiday,Wed,Yes,Clear,25.683349,0.650271,63.3333,10.166111,975,6289,7264
559,2012-07-12,Fall,2012,July,Not Holiday,Thu,Yes,Clear,25.644151,0.654683,52.9583,9.833924999999999,1032,6414,7446
560,2012-07-13,Fall,2012,July,Not Holiday,Fri,Yes,Misty,26.388348999999998,0.667933,48.5833,5.41695,1511,5988,7499
561,2012-07-14,Fall,2012,July,Not Holiday,Sat,No,Misty,25.056651000000002,0.666042,69.91669999999999,9.626493,2355,4614,6969
562,2012-07-15,Fall,2012,July,Not Holiday,Sun,No,Clear,27.054150999999997,0.705196,71.7917,11.166689,1920,4111,6031
563,2012-07-16,Fall,2012,July,Not Holiday,Mon,Yes,Clear,27.876651000000003,0.724125,64.5,11.000529,1088,5742,6830
564,2012-07-17,Fall,2012,July,Not Holiday,Tue,Yes,Clear,30.461650999999996,0.755683,50.583299999999994,7.666743,921,5865,6786
565,2012-07-18,Fall,2012,July,Not Holiday,Wed,Yes,Clear,29.286651,0.745583,57.7083,9.208614,799,4914,5713
566,2012-07-19,Fall,2012,July,Not Holiday,Thu,Yes,Clear,28.189999999999998,0.714642,60.0417,11.083743,888,5703,6591
567,2012-07-20,Fall,2012,July,Not Holiday,Fri,Yes,Misty,23.294151,0.613025,84.4167,14.000789000000001,747,5123,5870
568,2012-07-21,Fall,2012,July,Not Holiday,Sat,No,Light Rain,20.004150999999997,0.549912,86.5417,14.2911,1264,3195,4459
569,2012-07-22,Fall,2012,July,Not Holiday,Sun,No,Misty,23.3725,0.623125,76.25,6.2926936,2544,4866,7410
570,2012-07-23,Fall,2012,July,Not Holiday,Mon,Yes,Clear,26.858348999999997,0.690017,69.41669999999999,9.291761,1135,5831,6966
571,2012-07-24,Fall,2012,July,Not Holiday,Tue,Yes,Clear,27.289150999999997,0.70645,65.5,14.167418,1140,6452,7592
572,2012-07-25,Fall,2012,July,Not Holiday,Wed,Yes,Clear,26.035849,0.654054,45.0,11.0416,1383,6790,8173
573,2012-07-26,Fall,2012,July,Not Holiday,Thu,Yes,Clear,28.503349,0.739263,59.66669999999999,19.082470999999998,1036,5825,6861
574,2012-07-27,Fall,2012,July,Not Holiday,Fri,Yes,Clear,28.738349,0.734217,59.458299999999994,10.250464,1259,5645,6904
575,2012-07-28,Fall,2012,July,Not Holiday,Sat,No,Clear,27.524150999999996,0.697604,61.3333,10.542449999999999,2234,4451,6685
576,2012-07-29,Fall,2012,July,Not Holiday,Sun,No,Clear,25.918349,0.667933,62.375,11.416532,2153,4444,6597
577,2012-07-30,Fall,2012,July,Not Holiday,Mon,Yes,Clear,26.349151,0.684987,66.875,10.292339,1040,6065,7105
578,2012-07-31,Fall,2012,July,Not Holiday,Tue,Yes,Clear,25.526651,0.662896,70.41669999999999,11.083475,968,6248,7216
579,2012-08-01,Fall,2012,Aug,Not Holiday,Wed,Yes,Clear,25.722500000000004,0.667308,67.75,9.458993,1074,6506,7580
580,2012-08-02,Fall,2012,Aug,Not Holiday,Thu,Yes,Clear,27.3675,0.707088,65.95830000000001,8.666718,983,6278,7261
581,2012-08-03,Fall,2012,Aug,Not Holiday,Fri,Yes,Misty,27.994151000000002,0.722867,64.25,14.458064,1328,5847,7175
582,2012-08-04,Fall,2012,Aug,Not Holiday,Sat,No,Clear,29.286651,0.751267,61.3333,17.249686,2345,4479,6824
583,2012-08-05,Fall,2012,Aug,Not Holiday,Sun,No,Clear,28.150849,0.731079,65.25,19.458206999999998,1707,3757,5464
584,2012-08-06,Fall,2012,Aug,Not Holiday,Mon,Yes,Misty,27.3675,0.710246,65.4167,8.666718,1233,5780,7013
585,2012-08-07,Fall,2012,Aug,Not Holiday,Tue,Yes,Misty,26.584151,0.697621,70.375,7.8328359999999995,1278,5995,7273
586,2012-08-08,Fall,2012,Aug,Not Holiday,Wed,Yes,Misty,27.25,0.707717,67.29169999999999,7.4169,1263,6271,7534
587,2012-08-09,Fall,2012,Aug,Not Holiday,Thu,Yes,Clear,27.524150999999996,0.699508,62.0417,10.458699999999999,1196,6090,7286
588,2012-08-10,Fall,2012,Aug,Not Holiday,Fri,Yes,Misty,25.644151,0.667942,71.58330000000001,16.000471,1065,4721,5786
589,2012-08-11,Fall,2012,Aug,Not Holiday,Sat,No,Misty,24.5475,0.638267,73.2917,13.834093,2247,4052,6299
590,2012-08-12,Fall,2012,Aug,Not Holiday,Sun,No,Clear,24.939151000000003,0.644579,53.041700000000006,8.208304,2182,4362,6544
591,2012-08-13,Fall,2012,Aug,Not Holiday,Mon,Yes,Clear,25.879151,0.662254,54.541700000000006,9.126204,1207,5676,6883
592,2012-08-14,Fall,2012,Aug,Not Holiday,Tue,Yes,Clear,26.153349,0.676779,68.6667,11.333586,1128,5656,6784
593,2012-08-15,Fall,2012,Aug,Not Holiday,Wed,Yes,Clear,25.213349,0.654037,61.9583,11.374657000000001,1198,6149,7347
594,2012-08-16,Fall,2012,Aug,Not Holiday,Thu,Yes,Clear,25.800849,0.654688,51.916700000000006,9.500332,1338,6267,7605
595,2012-08-17,Fall,2012,Aug,Not Holiday,Fri,Yes,Clear,25.996651,0.2424,57.0833,15.500718,1483,5665,7148
596,2012-08-18,Fall,2012,Aug,Not Holiday,Sat,No,Clear,23.881650999999998,0.618071,60.3333,11.917089,2827,5038,7865
597,2012-08-19,Fall,2012,Aug,Not Holiday,Sun,No,Misty,21.884151,0.603554,71.1667,5.79215,1208,3341,4549
598,2012-08-20,Fall,2012,Aug,Not Holiday,Mon,Yes,Misty,21.884151,0.595967,73.4167,8.708593,1026,5504,6530
599,2012-08-21,Fall,2012,Aug,Not Holiday,Tue,Yes,Clear,22.510849000000004,0.601025,67.375,4.8756436,1081,5925,7006
600,2012-08-22,Fall,2012,Aug,Not Holiday,Wed,Yes,Clear,23.3725,0.621854,67.7083,4.708981100000001,1094,6281,7375
601,2012-08-23,Fall,2012,Aug,Not Holiday,Thu,Yes,Clear,24.704151000000003,0.637008,63.5833,5.6679186,1363,6402,7765
602,2012-08-24,Fall,2012,Aug,Not Holiday,Fri,Yes,Misty,25.0175,0.6471,61.5,4.8337686,1325,6257,7582
603,2012-08-25,Fall,2012,Aug,Not Holiday,Sat,No,Misty,23.098349,0.618696,71.2917,16.375336,1829,4224,6053
604,2012-08-26,Fall,2012,Aug,Not Holiday,Sun,No,Misty,22.706651,0.595996,84.5833,15.333486,1483,3772,5255
605,2012-08-27,Fall,2012,Aug,Not Holiday,Mon,Yes,Clear,25.056651000000002,0.654688,73.04169999999999,8.625110999999999,989,5928,6917
606,2012-08-28,Fall,2012,Aug,Not Holiday,Tue,Yes,Clear,26.231651,0.66605,62.0,12.791975,935,6105,7040
607,2012-08-29,Fall,2012,Aug,Not Holiday,Wed,Yes,Clear,24.195,0.635733,55.2083,7.541653999999999,1177,6520,7697
608,2012-08-30,Fall,2012,Aug,Not Holiday,Thu,Yes,Clear,25.213349,0.652779,59.0417,5.1668189,1172,6541,7713
609,2012-08-31,Fall,2012,Aug,Not Holiday,Fri,Yes,Clear,27.915849,0.6894,58.75,11.291711,1433,5917,7350
610,2012-09-01,Fall,2012,Sep,Not Holiday,Sat,No,Misty,27.406651000000004,0.702654,63.8333,7.5835289999999995,2352,3788,6140
611,2012-09-02,Fall,2012,Sep,Not Holiday,Sun,No,Misty,24.743349000000002,0.649,81.5,4.2927436,2613,3197,5810
612,2012-09-03,Fall,2012,Sep,Holiday,Mon,No,Clear,25.252499999999998,0.661629,79.0833,10.125107,1965,4069,6034
613,2012-09-04,Fall,2012,Sep,Not Holiday,Tue,Yes,Clear,26.114151,0.686888,75.5,15.833507,867,5997,6864
614,2012-09-05,Fall,2012,Sep,Not Holiday,Wed,Yes,Clear,26.623348999999997,0.708983,74.125,12.583136,832,6280,7112
615,2012-09-06,Fall,2012,Sep,Not Holiday,Thu,Yes,Misty,24.743349000000002,0.655329,81.0417,9.542207,611,5592,6203
616,2012-09-07,Fall,2012,Sep,Not Holiday,Fri,Yes,Clear,25.056651000000002,0.657204,73.625,11.500282,1045,6459,7504
617,2012-09-08,Fall,2012,Sep,Not Holiday,Sat,No,Misty,22.980849,0.611121,79.91669999999999,18.833968000000002,1557,4419,5976
618,2012-09-09,Fall,2012,Sep,Not Holiday,Sun,No,Clear,20.669999999999998,0.578925,54.75,15.041232,2570,5657,8227
619,2012-09-10,Fall,2012,Sep,Not Holiday,Mon,Yes,Clear,19.416650999999998,0.565654,50.375,17.333771000000002,1118,6407,7525
620,2012-09-11,Fall,2012,Sep,Not Holiday,Tue,Yes,Clear,19.142500000000002,0.554292,52.0,6.1676314,1070,6697,7767
621,2012-09-12,Fall,2012,Sep,Not Holiday,Wed,Yes,Clear,20.160849,0.570075,57.7083,8.833682,1050,6820,7870
622,2012-09-13,Fall,2012,Sep,Not Holiday,Thu,Yes,Clear,20.7875,0.579558,63.708299999999994,5.5422936,1054,6750,7804
623,2012-09-14,Fall,2012,Sep,Not Holiday,Fri,Yes,Clear,21.766651000000003,0.594083,67.25,6.9588209999999995,1379,6630,8009
624,2012-09-15,Fall,2012,Sep,Not Holiday,Sat,No,Clear,20.591651,0.585867,50.1667,16.583907,3160,5554,8714
625,2012-09-16,Fall,2012,Sep,Not Holiday,Sun,No,Clear,19.259999999999998,0.563125,56.99999999999999,6.042281099999999,2166,5167,7333
626,2012-09-17,Fall,2012,Sep,Not Holiday,Mon,Yes,Misty,19.299151000000002,0.55305,73.4583,10.166713999999999,1022,5847,6869
627,2012-09-18,Fall,2012,Sep,Not Holiday,Tue,Yes,Misty,21.296651,0.565067,87.25,23.958329,371,3702,4073
628,2012-09-19,Fall,2012,Sep,Not Holiday,Wed,Yes,Clear,17.9675,0.540404,53.6667,14.416725,788,6803,7591
629,2012-09-20,Fall,2012,Sep,Not Holiday,Thu,Yes,Clear,17.693349,0.532192,61.8333,7.917189,939,6781,7720
630,2012-09-21,Fall,2012,Sep,Not Holiday,Fri,Yes,Clear,20.160849,0.571971,66.875,10.333343000000001,1250,6917,8167
631,2012-09-22,Fall,2012,Sep,Not Holiday,Sat,No,Clear,22.55,0.610488,64.6667,19.000061,2512,5883,8395
632,2012-09-23,Winter,2012,Sep,Not Holiday,Sun,No,Clear,16.870849000000003,0.518933,46.7083,14.958286000000001,2454,5453,7907
633,2012-09-24,Winter,2012,Sep,Not Holiday,Mon,Yes,Clear,16.165849,0.502513,49.2917,9.541068000000001,1001,6435,7436
634,2012-09-25,Winter,2012,Sep,Not Holiday,Tue,Yes,Clear,17.85,0.544179,56.99999999999999,15.833507,845,6693,7538
635,2012-09-26,Winter,2012,Sep,Not Holiday,Wed,Yes,Clear,21.845,0.596613,63.083299999999994,16.3748,787,6946,7733
636,2012-09-27,Winter,2012,Sep,Not Holiday,Thu,Yes,Misty,22.55,0.607975,69.08330000000001,9.000914,751,6642,7393
637,2012-09-28,Winter,2012,Sep,Not Holiday,Fri,Yes,Misty,21.100849,0.585863,69.0,10.999993,1045,6370,7415
638,2012-09-29,Winter,2012,Sep,Not Holiday,Sat,No,Clear,17.4975,0.530296,54.2917,15.249468,2589,5966,8555
639,2012-09-30,Winter,2012,Sep,Not Holiday,Sun,No,Clear,16.753349,0.517663,58.3333,9.042186,2015,4874,6889
640,2012-10-01,Winter,2012,Oct,Not Holiday,Mon,Yes,Misty,16.479150999999998,0.512,64.9167,6.0838814,763,6015,6778
641,2012-10-02,Winter,2012,Oct,Not Holiday,Tue,Yes,Light Rain,19.769151,0.542333,87.16669999999999,6.9998249999999995,315,4324,4639
642,2012-10-03,Winter,2012,Oct,Not Holiday,Wed,Yes,Misty,22.9025,0.599133,79.375,4.4585686,728,6844,7572
643,2012-10-04,Winter,2012,Oct,Not Holiday,Thu,Yes,Misty,22.9025,0.607975,72.2917,7.875582,891,6437,7328
644,2012-10-05,Winter,2012,Oct,Not Holiday,Fri,Yes,Clear,20.905,0.580187,62.74999999999999,7.12545,1516,6640,8156
645,2012-10-06,Winter,2012,Oct,Not Holiday,Sat,No,Clear,18.045848999999997,0.538521,66.41669999999999,17.957675000000002,3031,4934,7965
646,2012-10-07,Winter,2012,Oct,Not Holiday,Sun,No,Misty,11.544151,0.419813,70.8333,9.457854000000001,781,2729,3510
647,2012-10-08,Winter,2012,Oct,Holiday,Mon,No,Misty,10.016651,0.387608,70.9583,12.708492999999999,874,4604,5478
648,2012-10-09,Winter,2012,Oct,Not Holiday,Tue,Yes,Misty,12.993348999999998,0.438112,76.16669999999999,12.7501,601,5791,6392
649,2012-10-10,Winter,2012,Oct,Not Holiday,Wed,Yes,Clear,16.165849,0.503142,63.083299999999994,12.584007,780,6911,7691
650,2012-10-11,Winter,2012,Oct,Not Holiday,Thu,Yes,Clear,12.445,0.431167,46.3333,12.166932000000001,834,6736,7570
651,2012-10-12,Winter,2012,Oct,Not Holiday,Fri,Yes,Clear,12.5625,0.433071,53.91669999999999,15.751164,1060,6222,7282
652,2012-10-13,Winter,2012,Oct,Not Holiday,Sat,No,Clear,10.486650999999998,0.391396,49.4583,9.791514,2252,4857,7109
653,2012-10-14,Winter,2012,Oct,Not Holiday,Sun,No,Clear,16.518349,0.508204,64.0417,18.667004000000002,2080,4559,6639
654,2012-10-15,Winter,2012,Oct,Not Holiday,Mon,Yes,Misty,18.398349,0.53915,70.75,19.834478999999998,760,5115,5875
655,2012-10-16,Winter,2012,Oct,Not Holiday,Tue,Yes,Clear,14.011651,0.460846,55.833299999999994,12.208807,922,6612,7534
656,2012-10-17,Winter,2012,Oct,Not Holiday,Wed,Yes,Clear,13.424150999999998,0.450108,69.2917,6.791857,979,6482,7461
657,2012-10-18,Winter,2012,Oct,Not Holiday,Thu,Yes,Misty,16.557499999999997,0.512625,72.8333,15.874779,1008,6501,7509
658,2012-10-19,Winter,2012,Oct,Not Holiday,Fri,Yes,Misty,18.476651,0.537896,81.5,9.041917999999999,753,4671,5424
659,2012-10-20,Winter,2012,Oct,Not Holiday,Sat,No,Clear,14.755849000000001,0.472842,57.2917,7.874979,2806,5284,8090
660,2012-10-21,Winter,2012,Oct,Not Holiday,Sun,No,Clear,13.815849,0.456429,51.0,11.125618000000001,2132,4692,6824
661,2012-10-22,Winter,2012,Oct,Not Holiday,Mon,Yes,Clear,14.912499999999998,0.482942,56.833299999999994,5.4593811,830,6228,7058
662,2012-10-23,Winter,2012,Oct,Not Holiday,Tue,Yes,Clear,17.575848999999998,0.530304,64.16669999999999,6.3345686,841,6625,7466
663,2012-10-24,Winter,2012,Oct,Not Holiday,Wed,Yes,Clear,19.6125,0.558721,63.625,4.8762064,795,6898,7693
664,2012-10-25,Winter,2012,Oct,Not Holiday,Thu,Yes,Misty,17.85,0.529688,80.0417,8.333125,875,6484,7359
665,2012-10-26,Winter,2012,Oct,Not Holiday,Fri,Yes,Misty,17.654151,0.52275,80.7083,8.875289,1182,6262,7444
666,2012-10-27,Winter,2012,Oct,Not Holiday,Sat,No,Misty,16.91,0.515133,72.0,15.791364000000002,2643,5209,7852
667,2012-10-28,Winter,2012,Oct,Not Holiday,Sun,No,Misty,14.442499999999999,0.467771,69.4583,26.666535999999997,998,3461,4459
668,2012-10-29,Winter,2012,Oct,Not Holiday,Mon,Yes,Light Rain,12.68,0.4394,88.0,23.9994,2,20,22
669,2012-10-30,Winter,2012,Oct,Not Holiday,Tue,Yes,Misty,6.954554000000002,0.309909,82.5455,14.271603,87,1009,1096
670,2012-10-31,Winter,2012,Oct,Not Holiday,Wed,Yes,Misty,8.802499999999998,0.3611,66.6667,11.166689,419,5147,5566
671,2012-11-01,Winter,2012,Nov,Not Holiday,Thu,Yes,Misty,9.194151000000002,0.369942,58.166700000000006,10.542182,466,5520,5986
672,2012-11-02,Winter,2012,Nov,Not Holiday,Fri,Yes,Clear,8.684999999999999,0.356042,52.208299999999994,17.833725,618,5229,5847
673,2012-11-03,Winter,2012,Nov,Not Holiday,Sat,No,Misty,8.136651,0.323846,49.125,18.125443,1029,4109,5138
674,2012-11-04,Winter,2012,Nov,Not Holiday,Sun,No,Clear,7.314150999999999,0.329538,53.2917,12.000236,1201,3906,5107
675,2012-11-05,Winter,2012,Nov,Not Holiday,Mon,Yes,Clear,7.000848999999999,0.308075,49.416700000000006,15.833775000000001,378,4881,5259
676,2012-11-06,Winter,2012,Nov,Not Holiday,Tue,Yes,Clear,5.1991510000000005,0.281567,56.7083,11.625371,466,5220,5686
677,2012-11-07,Winter,2012,Nov,Not Holiday,Wed,Yes,Misty,5.904151000000001,0.274621,54.75,20.375236,326,4709,5035
678,2012-11-08,Winter,2012,Nov,Not Holiday,Thu,Yes,Clear,8.552177999999998,0.341891,33.3478,23.304945,340,4975,5315
679,2012-11-09,Winter,2012,Nov,Not Holiday,Fri,Yes,Clear,8.998349000000001,0.355413,54.0833,14.375386,709,5283,5992
680,2012-11-10,Winter,2012,Nov,Not Holiday,Sat,No,Clear,10.290848999999998,0.393937,64.5417,3.8756686,2090,4446,6536
681,2012-11-11,Winter,2012,Nov,Not Holiday,Sun,No,Clear,11.779150999999999,0.421713,65.91669999999999,8.5425,2290,4562,6852
682,2012-11-12,Winter,2012,Nov,Holiday,Mon,No,Clear,14.794999999999998,0.475383,74.16669999999999,11.625639,1097,5172,6269
683,2012-11-13,Winter,2012,Nov,Not Holiday,Tue,Yes,Misty,8.136651,0.323225,66.29169999999999,22.917082,327,3767,4094
684,2012-11-14,Winter,2012,Nov,Not Holiday,Wed,Yes,Clear,5.590849,0.281563,55.2083,13.374875,373,5122,5495
685,2012-11-15,Winter,2012,Nov,Not Holiday,Thu,Yes,Misty,7.1183489999999985,0.324492,62.0417,10.250129000000001,320,5125,5445
686,2012-11-16,Winter,2012,Nov,Not Holiday,Fri,Yes,Clear,8.215,0.347204,52.4583,11.458675000000001,484,5214,5698
687,2012-11-17,Winter,2012,Nov,Not Holiday,Sat,No,Clear,7.275,0.326383,54.541700000000006,12.041843,1313,4316,5629
688,2012-11-18,Winter,2012,Nov,Not Holiday,Sun,No,Clear,8.0975,0.337746,69.2917,15.250004,922,3747,4669
689,2012-11-19,Winter,2012,Nov,Not Holiday,Mon,Yes,Misty,9.899151,0.375621,62.3333,15.749489,449,5050,5499
690,2012-11-20,Winter,2012,Nov,Not Holiday,Tue,Yes,Misty,9.585849,0.380667,68.5,5.542575,534,5100,5634
691,2012-11-21,Winter,2012,Nov,Not Holiday,Wed,Yes,Clear,8.606651,0.364892,61.375,6.917482000000001,615,4531,5146
692,2012-11-22,Winter,2012,Nov,Holiday,Thu,No,Clear,7.98,0.350371,58.0417,3.5423436,955,1470,2425
693,2012-11-23,Winter,2012,Nov,Not Holiday,Fri,Yes,Clear,9.311651000000001,0.378779,56.875,9.917407,1603,2307,3910
694,2012-11-24,Winter,2012,Nov,Not Holiday,Sat,No,Clear,5.081650999999999,0.248742,40.4583,25.250357,532,1745,2277
695,2012-11-25,Winter,2012,Nov,Not Holiday,Sun,No,Clear,3.554150999999999,0.257583,46.8333,10.083499999999999,309,2115,2424
696,2012-11-26,Winter,2012,Nov,Not Holiday,Mon,Yes,Clear,6.726650999999999,0.339004,53.541700000000006,3.1255499999999996,337,4750,5087
697,2012-11-27,Winter,2012,Nov,Not Holiday,Tue,Yes,Misty,5.708349,0.281558,78.6667,15.916654,123,3836,3959
698,2012-11-28,Winter,2012,Nov,Not Holiday,Wed,Yes,Clear,5.943349000000001,0.289762,50.625,14.125007,198,5062,5260
699,2012-11-29,Winter,2012,Nov,Not Holiday,Thu,Yes,Clear,5.200890000000001,0.298422,55.565200000000004,7.739974,243,5080,5323
700,2012-11-30,Winter,2012,Nov,Not Holiday,Fri,Yes,Clear,6.021651,0.323867,64.95830000000001,3.9175436,362,5306,5668
701,2012-12-01,Winter,2012,Des,Not Holiday,Sat,No,Misty,6.021651,0.316904,80.6667,4.0001814,951,4240,5191
702,2012-12-02,Winter,2012,Des,Not Holiday,Sun,No,Misty,8.3325,0.359208,82.3333,8.333393000000001,892,3757,4649
703,2012-12-03,Winter,2012,Des,Not Holiday,Mon,Yes,Clear,13.267500000000002,0.455796,76.75,5.5422936,555,5679,6234
704,2012-12-04,Winter,2012,Des,Not Holiday,Tue,Yes,Clear,14.364151,0.469054,73.375,11.666643,551,6055,6606
705,2012-12-05,Winter,2012,Des,Not Holiday,Wed,Yes,Clear,12.601651,0.428012,48.5,21.709407,331,5398,5729
706,2012-12-06,Winter,2012,Des,Not Holiday,Thu,Yes,Clear,4.024151,0.258204,50.875,11.708518,340,5035,5375
707,2012-12-07,Winter,2012,Des,Not Holiday,Fri,Yes,Misty,7.0791509999999995,0.321958,76.4167,8.7502,349,4659,5008
708,2012-12-08,Winter,2012,Des,Not Holiday,Sat,No,Misty,9.938348999999999,0.389508,91.125,6.792393,1153,4429,5582
709,2012-12-09,Winter,2012,Des,Not Holiday,Sun,No,Misty,10.055848999999998,0.390146,90.5417,10.584325,441,2787,3228
710,2012-12-10,Winter,2012,Des,Not Holiday,Mon,Yes,Misty,12.484151,0.435575,92.5,12.750636,329,4841,5170
711,2012-12-11,Winter,2012,Des,Not Holiday,Tue,Yes,Misty,8.606651,0.338363,59.66669999999999,19.834478999999998,282,5219,5501
712,2012-12-12,Winter,2012,Des,Not Holiday,Wed,Yes,Misty,5.9825,0.297338,53.833299999999994,10.916779,310,5009,5319
713,2012-12-13,Winter,2012,Des,Not Holiday,Thu,Yes,Clear,5.904151000000001,0.294188,48.5833,11.666643,425,5107,5532
714,2012-12-14,Winter,2012,Des,Not Holiday,Fri,Yes,Clear,5.2383489999999995,0.294192,64.29169999999999,8.792343,429,5182,5611
715,2012-12-15,Winter,2012,Des,Not Holiday,Sat,No,Clear,7.235849,0.338383,65.0417,7.12545,767,4280,5047
716,2012-12-16,Winter,2012,Des,Not Holiday,Sun,No,Misty,9.037499999999998,0.369938,83.875,6.749714,538,3248,3786
717,2012-12-17,Winter,2012,Des,Not Holiday,Mon,Yes,Misty,10.486650999999998,0.4015,90.7083,6.583306100000001,212,4373,4585
718,2012-12-18,Winter,2012,Des,Not Holiday,Tue,Yes,Clear,11.309151,0.409708,66.625,14.834067999999998,433,5124,5557
719,2012-12-19,Winter,2012,Des,Not Holiday,Wed,Yes,Clear,7.627500000000001,0.342162,62.5417,12.334164000000001,333,4934,5267
720,2012-12-20,Winter,2012,Des,Not Holiday,Thu,Yes,Misty,7.510000000000002,0.335217,66.79169999999999,8.875021,314,3814,4128
721,2012-12-21,Spring,2012,Des,Not Holiday,Fri,Yes,Misty,7.353349,0.301767,55.666700000000006,25.083661000000003,221,3402,3623
722,2012-12-22,Spring,2012,Des,Not Holiday,Sat,No,Clear,4.494150999999999,0.236113,44.125,27.292182,205,1544,1749
723,2012-12-23,Spring,2012,Des,Not Holiday,Sun,No,Clear,3.554150999999999,0.259471,51.5417,8.916561,408,1379,1787
724,2012-12-24,Spring,2012,Des,Not Holiday,Mon,Yes,Misty,2.871288,0.2589,79.1304,5.1744368000000005,174,746,920
725,2012-12-25,Spring,2012,Des,Holiday,Tue,No,Misty,5.691288,0.294465,73.47829999999999,11.304642,440,573,1013
726,2012-12-26,Spring,2012,Des,Not Holiday,Wed,Yes,Light Rain,3.4366509999999995,0.220333,82.3333,21.208582,9,432,441
727,2012-12-27,Spring,2012,Des,Not Holiday,Thu,Yes,Misty,3.945848999999999,0.226642,65.29169999999999,23.458911,247,1867,2114
728,2012-12-28,Spring,2012,Des,Not Holiday,Fri,Yes,Misty,3.9066509999999983,0.255046,59.0,10.416557,644,2451,3095
729,2012-12-29,Spring,2012,Des,Not Holiday,Sat,No,Misty,3.9066509999999983,0.2424,75.29169999999999,8.333661,159,1182,1341
730,2012-12-30,Spring,2012,Des,Not Holiday,Sun,No,Clear,4.024151,0.2317,48.3333,23.500518,364,1432,1796
731,2012-12-31,Spring,2012,Des,Not Holiday,Mon,Yes,Misty,2.144150999999999,0.223487,57.75,10.374682,439,2290,2729
